{"stats":{"minecraft:killed":{"minecraft:skeleton":2,"minecraft:chicken":1,"minecraft:pig":1,"minecraft:zombie_villager":1,"minecraft:sheep":2,"minecraft:zombie":1,"minecraft:cow":7},"minecraft:dropped":{"minecraft:iron_ingot":4,"minecraft:iron_sword":2,"minecraft:wheat_seeds":195,"minecraft:lapis_lazuli":1,"minecraft:ender_pearl":1,"minecraft:diamond":1,"minecraft:crafting_table":1,"minecraft:feather":4,"minecraft:cobblestone":8,"minecraft:jungle_wood":7,"minecraft:granite":4,"minecraft:dirt":12,"minecraft:diorite":6,"minecraft:cornflower":1,"minecraft:jungle_sapling":1,"minecraft:wooden_sword":1,"minecraft:amethyst_shard":2,"minecraft:sunflower":1,"minecraft:iron_axe":2,"minecraft:iron_pickaxe":2,"minecraft:iron_shovel":1,"minecraft:oak_door":3,"minecraft:cobblestone_wall":1,"minecraft:cocoa_beans":3,"minecraft:azure_bluet":1,"minecraft:lily_of_the_valley":1,"minecraft:andesite":1,"minecraft:oak_sapling":4,"minecraft:azalea":1,"minecraft:bamboo":22,"minecraft:stone_pickaxe":1,"minecraft:wooden_pickaxe":2,"minecraft:red_tulip":1},"minecraft:picked_up":{"minecraft:cocoa_beans":3,"minecraft:crafting_table":1,"minecraft:wheat":102,"minecraft:azure_bluet":1,"minecraft:chicken":3,"minecraft:wooden_pickaxe":6,"minecraft:cornflower":1,"minecraft:iron_axe":2,"minecraft:wooden_sword":1,"minecraft:cobbled_deepslate":33,"minecraft:beef":28,"minecraft:rose_bush":3,"minecraft:azalea":1,"minecraft:jungle_sapling":2,"minecraft:iron_pickaxe":7,"minecraft:sugar_cane":88,"minecraft:raw_iron":360,"minecraft:stick":113,"minecraft:oak_door":2,"minecraft:porkchop":3,"minecraft:diorite":35,"minecraft:arrow":12,"minecraft:red_tulip":1,"minecraft:glow_berries":98,"minecraft:mutton":5,"minecraft:snowball":8,"minecraft:white_wool":4,"minecraft:cobblestone":535,"minecraft:jungle_boat":3,"minecraft:feather":4,"minecraft:andesite":166,"minecraft:leather":19,"minecraft:jungle_wood":9,"minecraft:flint":2,"minecraft:oak_log":213,"minecraft:cobblestone_wall":1,"minecraft:cobblestone_stairs":6,"minecraft:lapis_lazuli":321,"minecraft:dirt":365,"minecraft:leather_boots":2,"minecraft:glass":4,"minecraft:bone":6,"minecraft:apple":10,"minecraft:stone_bricks":131,"minecraft:wheat_seeds":303,"minecraft:spore_blossom":6,"minecraft:stone_pickaxe":2,"minecraft:iron_ingot":15,"minecraft:bamboo":108,"minecraft:moss_block":3,"minecraft:iron_sword":2,"minecraft:flowering_azalea":6,"minecraft:sweet_berries":43,"minecraft:jungle_planks":15,"minecraft:sand":112,"minecraft:amethyst_shard":6,"minecraft:lily_of_the_valley":1,"minecraft:diamond":48,"minecraft:granite":5,"minecraft:oak_sapling":131,"minecraft:coal":85,"minecraft:sunflower":1,"minecraft:ender_pearl":2},"minecraft:killed_by":{"minecraft:player":2,"minecraft:skeleton":3},"minecraft:mined":{"minecraft:oak_sapling":8,"minecraft:deepslate_diamond_ore":34,"minecraft:oak_door":2,"minecraft:cobblestone_stairs":6,"minecraft:jungle_leaves":3,"minecraft:cave_vines_plant":62,"minecraft:granite":2,"minecraft:grass_block":37,"minecraft:moss_block":2,"minecraft:large_fern":2,"minecraft:spore_blossom":4,"minecraft:iron_ore":57,"minecraft:snow":8,"minecraft:andesite":179,"minecraft:deepslate_lapis_ore":7,"minecraft:cave_vines":54,"minecraft:deepslate_iron_ore":27,"minecraft:bamboo":2,"minecraft:azalea":1,"minecraft:stone":521,"minecraft:flowering_azalea":2,"minecraft:hanging_roots":1,"minecraft:lily_of_the_valley":1,"minecraft:amethyst_cluster":1,"minecraft:cornflower":1,"minecraft:short_grass":1,"minecraft:rose_bush":1,"minecraft:mushroom_stem":2,"minecraft:tall_grass":15,"minecraft:cobblestone":3,"minecraft:lapis_ore":2,"minecraft:sugar_cane":8,"minecraft:diorite":31,"minecraft:jungle_wood":1,"minecraft:cobblestone_wall":1,"minecraft:wheat":106,"minecraft:sweet_berry_bush":15,"minecraft:ice":1,"minecraft:coal_ore":33,"minecraft:oak_log":210,"minecraft:sunflower":1,"minecraft:sand":115,"minecraft:gravel":1,"minecraft:dirt":344,"minecraft:stone_bricks":71,"minecraft:small_dripleaf":2,"minecraft:oak_leaves":78,"minecraft:deepslate":11},"minecraft:custom":{"minecraft:mob_kills":22,"minecraft:interact_with_crafting_table":23,"minecraft:leave_game":3,"minecraft:time_since_death":104334,"minecraft:sprint_one_cm":410110,"minecraft:walk_one_cm":485860,"minecraft:damage_blocked_by_shield":267,"minecraft:drop":68,"minecraft:play_time":152016,"minecraft:deaths":5,"minecraft:sneak_time":1014,"minecraft:walk_under_water_one_cm":7629,"minecraft:boat_one_cm":119380,"minecraft:jump":3319,"minecraft:walk_on_water_one_cm":25374,"minecraft:total_world_time":152016,"minecraft:interact_with_furnace":53,"minecraft:time_since_rest":104362,"minecraft:damage_taken":2967,"minecraft:damage_dealt":3633,"minecraft:swim_one_cm":27733,"minecraft:player_kills":3,"minecraft:fly_one_cm":464753,"minecraft:open_chest":31,"minecraft:crouch_one_cm":3047,"minecraft:fall_one_cm":93961},"minecraft:crafted":{"minecraft:oak_door":3,"minecraft:oak_planks":140,"minecraft:leather_boots":1,"minecraft:furnace":2,"minecraft:cobblestone_stairs":40,"minecraft:glass":112,"minecraft:iron_boots":1,"minecraft:iron_axe":2,"minecraft:chest":2,"minecraft:cooked_beef":14,"minecraft:crafting_table":2,"minecraft:iron_helmet":1,"minecraft:iron_sword":1,"minecraft:bread":34,"minecraft:jungle_planks":8,"minecraft:air":0,"minecraft:shield":1,"minecraft:iron_chestplate":1,"minecraft:iron_ingot":60,"minecraft:iron_pickaxe":4,"minecraft:iron_shovel":2,"minecraft:iron_leggings":1},"minecraft:broken":{"minecraft:iron_shovel":1,"minecraft:wooden_pickaxe":1,"minecraft:iron_axe":1,"minecraft:iron_pickaxe":4},"minecraft:used":{"minecraft:iron_shovel":470,"minecraft:chest":2,"minecraft:shield":11,"minecraft:iron_sword":46,"minecraft:oak_door":2,"minecraft:dirt":33,"minecraft:granite":1,"minecraft:snowball":8,"minecraft:glass":37,"minecraft:iron_axe":250,"minecraft:stone_bricks":35,"minecraft:beef":6,"minecraft:sweet_berries":8,"minecraft:oak_sapling":127,"minecraft:furnace":2,"minecraft:cooked_beef":8,"minecraft:cobbled_deepslate":14,"minecraft:wheat_seeds":106,"minecraft:diorite":1,"minecraft:cobblestone_stairs":20,"minecraft:stone_pickaxe":7,"minecraft:oak_planks":10,"minecraft:ender_pearl":1,"minecraft:wooden_pickaxe":12,"minecraft:leather_boots":1,"minecraft:jungle_boat":3,"minecraft:glow_berries":50,"minecraft:crafting_table":2,"minecraft:oak_log":1,"minecraft:bread":9,"minecraft:iron_pickaxe":1002,"minecraft:spore_blossom":4,"minecraft:cobblestone":53,"minecraft:andesite":37}},"DataVersion":3700}