{"stats":{"minecraft:dropped":{"minecraft:wheat_seeds":9},"minecraft:picked_up":{"minecraft:cooked_mutton":4,"minecraft:oak_wood":3,"minecraft:wheat_seeds":12,"minecraft:hay_block":6,"minecraft:beef":1,"minecraft:oak_planks":12},"minecraft:killed_by":{"minecraft:player":1},"minecraft:mined":{"minecraft:hay_block":5,"minecraft:oak_wood":3,"minecraft:tall_grass":54},"minecraft:crafted":{"minecraft:oak_planks":12,"minecraft:crafting_table":1,"minecraft:stick":4,"minecraft:bread":18,"minecraft:wheat":54},"minecraft:custom":{"minecraft:time_since_rest":12382,"minecraft:play_time":15803,"minecraft:crouch_one_cm":1493,"minecraft:sprint_one_cm":41391,"minecraft:deaths":1,"minecraft:damage_taken":684,"minecraft:walk_one_cm":45334,"minecraft:sneak_time":360,"minecraft:walk_under_water_one_cm":3825,"minecraft:drop":9,"minecraft:jump":614,"minecraft:damage_dealt":63,"minecraft:leave_game":1,"minecraft:time_since_death":12349,"minecraft:walk_on_water_one_cm":2206,"minecraft:total_world_time":15803,"minecraft:swim_one_cm":9845,"minecraft:interact_with_crafting_table":1,"minecraft:fall_one_cm":18653,"minecraft:fly_one_cm":130874},"minecraft:used":{"minecraft:cooked_mutton":4,"minecraft:crafting_table":1,"minecraft:bread":4}},"DataVersion":3700}