{"stats":{"minecraft:killed":{"minecraft:spider":4,"minecraft:skeleton":1,"minecraft:chicken":1,"minecraft:wolf":1,"minecraft:pig":5,"minecraft:zombie_villager":1,"minecraft:wandering_trader":1,"minecraft:sheep":3,"minecraft:trader_llama":2,"minecraft:pillager":1,"minecraft:zombie":14,"minecraft:cow":17},"minecraft:dropped":{"minecraft:iron_sword":1,"minecraft:cooked_beef":4,"minecraft:oak_fence":1,"minecraft:stick":2,"minecraft:torch":6,"minecraft:cornflower":2,"minecraft:wooden_axe":1,"minecraft:iron_pickaxe":2,"minecraft:raw_iron":6,"minecraft:iron_boots":1,"minecraft:oak_planks":1,"minecraft:carrot":1,"minecraft:poppy":1,"minecraft:peony":1,"minecraft:stone_bricks":60,"minecraft:spruce_slab":1,"minecraft:wooden_pickaxe":2,"minecraft:stone_pickaxe":2},"minecraft:picked_up":{"minecraft:wooden_axe":1,"minecraft:crafting_table":6,"minecraft:iron_chestplate":1,"minecraft:wheat":120,"minecraft:azure_bluet":2,"minecraft:flower_pot":1,"minecraft:chicken":2,"minecraft:clay_ball":52,"minecraft:lead":1,"minecraft:wooden_pickaxe":1,"minecraft:oak_stairs":1,"minecraft:brick":10,"minecraft:cornflower":3,"minecraft:iron_axe":2,"minecraft:iron_leggings":1,"minecraft:blue_orchid":2,"minecraft:cobbled_deepslate":8,"minecraft:spruce_planks":3,"minecraft:beef":38,"minecraft:white_tulip":1,"minecraft:rose_bush":2,"minecraft:poppy":3,"minecraft:iron_pickaxe":2,"minecraft:spruce_slab":2,"minecraft:iron_boots":2,"minecraft:furnace":3,"minecraft:raw_iron":38,"minecraft:stick":19,"minecraft:oak_door":1,"minecraft:oak_fence":1,"minecraft:torch":31,"minecraft:spruce_fence":1,"minecraft:spruce_stairs":100,"minecraft:porkchop":11,"minecraft:carrot":22,"minecraft:arrow":2,"minecraft:rotten_flesh":15,"minecraft:peony":4,"minecraft:red_tulip":1,"minecraft:gold_ingot":12,"minecraft:pink_tulip":3,"minecraft:stripped_birch_wood":2,"minecraft:glow_berries":15,"minecraft:mutton":6,"minecraft:white_wool":5,"minecraft:cobblestone":190,"minecraft:oxeye_daisy":3,"minecraft:cooked_beef":5,"minecraft:jungle_boat":2,"minecraft:feather":4,"minecraft:lilac":2,"minecraft:birch_slab":6,"minecraft:andesite":10,"minecraft:leather":25,"minecraft:brown_wool":6,"minecraft:jungle_wood":7,"minecraft:stripped_spruce_wood":4,"minecraft:oak_log":6,"minecraft:cobblestone_stairs":1,"minecraft:lapis_lazuli":78,"minecraft:dirt":47,"minecraft:glass":10,"minecraft:bone":2,"minecraft:stone_bricks":20,"minecraft:wheat_seeds":360,"minecraft:orange_tulip":1,"minecraft:oak_fence_gate":1,"minecraft:birch_wood":34,"minecraft:spruce_wood":90,"minecraft:stone_pickaxe":1,"minecraft:stripped_oak_wood":16,"minecraft:iron_sword":2,"minecraft:oak_planks":32,"minecraft:flowering_azalea":1,"minecraft:oak_slab":2,"minecraft:sweet_berries":37,"minecraft:sand":20,"minecraft:dandelion":3,"minecraft:birch_stairs":2,"minecraft:jungle_planks":5,"minecraft:amethyst_shard":52,"minecraft:spruce_log":2,"minecraft:lily_of_the_valley":3,"minecraft:spider_eye":1,"minecraft:oak_wood":41,"minecraft:diamond":4,"minecraft:stone_axe":1,"minecraft:short_grass":3,"minecraft:crossbow":1,"minecraft:iron_helmet":1,"minecraft:granite":2,"minecraft:oak_sapling":15,"minecraft:coal":174,"minecraft:oak_leaves":112,"minecraft:sunflower":3},"minecraft:killed_by":{"minecraft:enderman":1},"minecraft:mined":{"minecraft:spruce_planks":4,"minecraft:oak_sapling":3,"minecraft:deepslate_diamond_ore":2,"minecraft:oak_door":1,"minecraft:cobblestone_stairs":1,"minecraft:granite":2,"minecraft:cave_vines_plant":2,"minecraft:spruce_fence":1,"minecraft:grass_block":8,"minecraft:birch_slab":5,"minecraft:spruce_leaves":1,"minecraft:oxeye_daisy":3,"minecraft:large_fern":3,"minecraft:oak_trapdoor":1,"minecraft:furnace":2,"minecraft:carrots":6,"minecraft:fire":5,"minecraft:iron_ore":31,"minecraft:andesite":9,"minecraft:deepslate_lapis_ore":2,"minecraft:azure_bluet":3,"minecraft:peony":4,"minecraft:red_tulip":1,"minecraft:potted_dandelion":1,"minecraft:cave_vines":5,"minecraft:deepslate_iron_ore":7,"minecraft:oak_stairs":1,"minecraft:pink_tulip":3,"minecraft:spruce_wood":90,"minecraft:stone":145,"minecraft:blue_orchid":2,"minecraft:white_tulip":1,"minecraft:spruce_slab":3,"minecraft:birch_stairs":2,"minecraft:oak_slab":1,"minecraft:scaffolding":1,"minecraft:lily_of_the_valley":3,"minecraft:amethyst_cluster":13,"minecraft:dandelion":2,"minecraft:powder_snow":1,"minecraft:clay":13,"minecraft:crafting_table":7,"minecraft:cornflower":2,"minecraft:torch":9,"minecraft:short_grass":26,"minecraft:oak_wood":42,"minecraft:poppy":3,"minecraft:rose_bush":3,"minecraft:glass":41,"minecraft:tall_grass":42,"minecraft:cobblestone":35,"minecraft:birch_wood":34,"minecraft:deepslate_coal_ore":1,"minecraft:lapis_ore":5,"minecraft:oak_planks":14,"minecraft:wall_torch":4,"minecraft:spruce_stairs":112,"minecraft:jungle_wood":1,"minecraft:stripped_spruce_wood":4,"minecraft:birch_trapdoor":1,"minecraft:wheat":140,"minecraft:sweet_berry_bush":15,"minecraft:ice":2,"minecraft:lilac":2,"minecraft:spruce_log":2,"minecraft:stripped_oak_wood":16,"minecraft:orange_tulip":1,"minecraft:oak_log":6,"minecraft:coal_ore":68,"minecraft:oak_fence_gate":1,"minecraft:sand":20,"minecraft:sunflower":2,"minecraft:dirt":18,"minecraft:stripped_birch_wood":2,"minecraft:stone_bricks":20,"minecraft:oak_leaves":166},"minecraft:custom":{"minecraft:mob_kills":57,"minecraft:animals_bred":13,"minecraft:interact_with_crafting_table":50,"minecraft:leave_game":2,"minecraft:time_since_death":188263,"minecraft:climb_one_cm":236,"minecraft:sprint_one_cm":658091,"minecraft:walk_one_cm":616313,"minecraft:drop":31,"minecraft:talked_to_villager":1,"minecraft:play_time":235228,"minecraft:deaths":1,"minecraft:sneak_time":6953,"minecraft:walk_under_water_one_cm":10164,"minecraft:boat_one_cm":180590,"minecraft:jump":3528,"minecraft:interact_with_blast_furnace":1,"minecraft:walk_on_water_one_cm":14252,"minecraft:total_world_time":235228,"minecraft:interact_with_furnace":92,"minecraft:pot_flower":10,"minecraft:sleep_in_bed":18,"minecraft:time_since_rest":22187,"minecraft:damage_taken":3110,"minecraft:damage_dealt":10344,"minecraft:swim_one_cm":55836,"minecraft:player_kills":3,"minecraft:fly_one_cm":683125,"minecraft:open_chest":64,"minecraft:crouch_one_cm":24147,"minecraft:interact_with_smoker":2,"minecraft:fall_one_cm":90237},"minecraft:crafted":{"minecraft:brick":42,"minecraft:oak_door":3,"minecraft:oak_planks":404,"minecraft:leather_boots":1,"minecraft:birch_slab":252,"minecraft:furnace":4,"minecraft:stone":104,"minecraft:white_carpet":3,"minecraft:oak_trapdoor":18,"minecraft:cooked_mutton":3,"minecraft:glass":8,"minecraft:spruce_stairs":136,"minecraft:iron_boots":1,"minecraft:spruce_slab":18,"minecraft:stone_pickaxe":1,"minecraft:chest":4,"minecraft:stone_hoe":1,"minecraft:stone_bricks":104,"minecraft:oak_fence":30,"minecraft:flower_pot":6,"minecraft:cooked_beef":19,"minecraft:oak_slab":126,"minecraft:crafting_table":4,"minecraft:spruce_planks":216,"minecraft:jungle_boat":1,"minecraft:iron_helmet":1,"minecraft:wooden_pickaxe":1,"minecraft:iron_sword":1,"minecraft:birch_planks":256,"minecraft:stone_axe":1,"minecraft:bread":16,"minecraft:air":0,"minecraft:jungle_planks":28,"minecraft:oak_fence_gate":2,"minecraft:iron_chestplate":1,"minecraft:stick":48,"minecraft:iron_ingot":29,"minecraft:iron_pickaxe":1,"minecraft:birch_trapdoor":8,"minecraft:oak_stairs":12,"minecraft:iron_leggings":1,"minecraft:torch":8,"minecraft:birch_stairs":52},"minecraft:used":{"minecraft:oak_trapdoor":36,"minecraft:oak_fence":69,"minecraft:rose_bush":1,"minecraft:iron_shovel":74,"minecraft:spruce_slab":26,"minecraft:poppy":1,"minecraft:decorated_pot":2,"minecraft:spruce_planks":3,"minecraft:chest":10,"minecraft:iron_sword":107,"minecraft:stripped_jungle_wood":1,"minecraft:stripped_birch_wood":2,"minecraft:stone_hoe":118,"minecraft:rotten_flesh":4,"minecraft:oak_door":5,"minecraft:torch":47,"minecraft:dirt":15,"minecraft:white_carpet":3,"minecraft:jungle_planks":23,"minecraft:spruce_stairs":201,"minecraft:carrot":31,"minecraft:oak_wood":183,"minecraft:spruce_fence":15,"minecraft:oak_fence_gate":15,"minecraft:iron_hoe":60,"minecraft:glass":5,"minecraft:grass_block":52,"minecraft:spruce_wood":93,"minecraft:iron_axe":500,"minecraft:oak_stairs":13,"minecraft:iron_helmet":1,"minecraft:iron_boots":1,"minecraft:barrel":2,"minecraft:stone_bricks":64,"minecraft:birch_trapdoor":16,"minecraft:sweet_berries":25,"minecraft:furnace":7,"minecraft:oak_sapling":8,"minecraft:cooked_beef":15,"minecraft:iron_leggings":1,"minecraft:wheat_seeds":223,"minecraft:cooked_mutton":3,"minecraft:water_bucket":8,"minecraft:bamboo_mosaic":3,"minecraft:birch_planks":2,"minecraft:stone_pickaxe":103,"minecraft:oak_planks":14,"minecraft:birch_wood":22,"minecraft:stonecutter":1,"minecraft:wooden_pickaxe":10,"minecraft:spruce_fence_gate":2,"minecraft:jungle_boat":2,"minecraft:oak_leaves":100,"minecraft:glow_berries":15,"minecraft:oak_slab":73,"minecraft:crafting_table":10,"minecraft:blast_furnace":1,"minecraft:campfire":1,"minecraft:white_bed":3,"minecraft:painting":7,"minecraft:smoker":2,"minecraft:shears":137,"minecraft:flower_pot":10,"minecraft:birch_slab":75,"minecraft:bread":13,"minecraft:iron_pickaxe":240,"minecraft:stone_axe":35,"minecraft:cobblestone":22,"minecraft:grindstone":1,"minecraft:stripped_oak_wood":23,"minecraft:bucket":8,"minecraft:andesite":2,"minecraft:glass_pane":17,"minecraft:birch_stairs":92}},"DataVersion":3700}