{"stats":{"minecraft:picked_up":{"minecraft:oak_wood":3,"minecraft:oak_log":1},"minecraft:mined":{"minecraft:oak_wood":3,"minecraft:oak_log":1},"minecraft:crafted":{"minecraft:oak_planks":12},"minecraft:custom":{"minecraft:jump":80,"minecraft:time_since_rest":3857,"minecraft:leave_game":1,"minecraft:damage_taken":20,"minecraft:sprint_one_cm":9938,"minecraft:play_time":3857,"minecraft:walk_on_water_one_cm":349,"minecraft:time_since_death":3857,"minecraft:walk_one_cm":3957,"minecraft:total_world_time":3857,"minecraft:walk_under_water_one_cm":1882,"minecraft:swim_one_cm":5127,"minecraft:fall_one_cm":749,"minecraft:fly_one_cm":12579}},"DataVersion":3700}