{"stats":{"minecraft:killed":{"minecraft:spider":5,"minecraft:skeleton":3,"minecraft:chicken":1,"minecraft:wolf":1,"minecraft:pig":5,"minecraft:zombie_villager":1,"minecraft:creeper":2,"minecraft:sheep":4,"minecraft:trader_llama":2,"minecraft:pillager":1,"minecraft:zombie":16,"minecraft:cow":21,"minecraft:evoker":2,"minecraft:vex":1,"minecraft:vindicator":39,"minecraft:wandering_trader":1},"minecraft:dropped":{"minecraft:iron_sword":1,"minecraft:cooked_beef":4,"minecraft:dark_oak_sapling":2,"minecraft:dirt":3,"minecraft:cornflower":2,"minecraft:iron_pickaxe":3,"minecraft:gold_ingot":12,"minecraft:armor_stand":1,"minecraft:rotten_flesh":3,"minecraft:oak_planks":1,"minecraft:cooked_mutton":7,"minecraft:carrot":1,"minecraft:poppy":2,"minecraft:leather_leggings":1,"minecraft:spruce_slab":38,"minecraft:lilac":2,"minecraft:oak_fence":1,"minecraft:iron_helmet":2,"minecraft:cobblestone":1,"minecraft:stick":2,"minecraft:torch":8,"minecraft:wooden_axe":1,"minecraft:iron_leggings":2,"minecraft:iron_axe":3,"minecraft:oak_trapdoor":2,"minecraft:raw_iron":6,"minecraft:iron_boots":3,"minecraft:lightning_rod":1,"minecraft:lily_of_the_valley":2,"minecraft:peony":1,"minecraft:iron_chestplate":2,"minecraft:oak_sapling":8,"minecraft:stone_bricks":60,"minecraft:stone_pickaxe":2,"minecraft:wooden_pickaxe":2},"minecraft:picked_up":{"minecraft:wooden_axe":1,"minecraft:iron_chestplate":3,"minecraft:wheat":209,"minecraft:flower_pot":2,"minecraft:lead":1,"minecraft:oak_stairs":1,"minecraft:dark_oak_trapdoor":2,"minecraft:armor_stand":5,"minecraft:iron_leggings":3,"minecraft:diamond_leggings":4,"minecraft:cobbled_deepslate":8,"minecraft:spruce_planks":9,"minecraft:white_tulip":1,"minecraft:rose_bush":6,"minecraft:iron_pickaxe":5,"minecraft:iron_boots":4,"minecraft:furnace":3,"minecraft:stick":64,"minecraft:oak_fence":4,"minecraft:torch":34,"minecraft:spruce_stairs":100,"minecraft:porkchop":11,"minecraft:lightning_rod":1,"minecraft:rotten_flesh":21,"minecraft:red_tulip":1,"minecraft:stripped_birch_wood":2,"minecraft:cobblestone":202,"minecraft:leather_chestplate":2,"minecraft:lilac":5,"minecraft:feather":4,"minecraft:cooked_beef":5,"minecraft:water_bucket":2,"minecraft:birch_slab":6,"minecraft:andesite":10,"minecraft:brown_wool":6,"minecraft:jungle_wood":7,"minecraft:stripped_spruce_wood":4,"minecraft:lapis_lazuli":78,"minecraft:dirt":77,"minecraft:leather_boots":2,"minecraft:bone":2,"minecraft:glass":10,"minecraft:bow":1,"minecraft:orange_tulip":1,"minecraft:wheat_seeds":581,"minecraft:birch_wood":34,"minecraft:diamond_helmet":4,"minecraft:oak_planks":32,"minecraft:jungle_planks":5,"minecraft:sand":36,"minecraft:stripped_spruce_log":3,"minecraft:lily_of_the_valley":5,"minecraft:dark_oak_log":17,"minecraft:diamond":4,"minecraft:crossbow":1,"minecraft:granite":2,"minecraft:emerald":21,"minecraft:oak_sapling":25,"minecraft:dark_oak_fence":2,"minecraft:oak_leaves":112,"minecraft:crafting_table":6,"minecraft:azure_bluet":2,"minecraft:chicken":2,"minecraft:clay_ball":52,"minecraft:leather_leggings":1,"minecraft:wooden_pickaxe":1,"minecraft:shield":2,"minecraft:brick":78,"minecraft:cornflower":3,"minecraft:iron_axe":12,"minecraft:iron_shovel":4,"minecraft:blue_orchid":2,"minecraft:beef":49,"minecraft:player_head":1,"minecraft:poppy":5,"minecraft:spruce_slab":4,"minecraft:dark_oak_sapling":2,"minecraft:raw_iron":59,"minecraft:oak_door":1,"minecraft:copper_ingot":2,"minecraft:spruce_fence":1,"minecraft:carrot":22,"minecraft:dark_oak_planks":20,"minecraft:arrow":104,"minecraft:diamond_chestplate":4,"minecraft:peony":4,"minecraft:diamond_boots":4,"minecraft:pink_tulip":3,"minecraft:totem_of_undying":1,"minecraft:gold_ingot":12,"minecraft:glow_berries":15,"minecraft:mutton":9,"minecraft:white_wool":7,"minecraft:oxeye_daisy":3,"minecraft:jungle_boat":2,"minecraft:leather":49,"minecraft:red_mushroom":9,"minecraft:oak_log":9,"minecraft:gunpowder":4,"minecraft:cobblestone_stairs":1,"minecraft:cooked_mutton":83,"minecraft:stone_bricks":20,"minecraft:spruce_wood":94,"minecraft:iron_ingot":8,"minecraft:oak_fence_gate":1,"minecraft:stone_pickaxe":1,"minecraft:stripped_oak_wood":21,"minecraft:flowering_azalea":1,"minecraft:iron_sword":4,"minecraft:book":135,"minecraft:polished_andesite_stairs":2,"minecraft:oak_slab":2,"minecraft:sweet_berries":37,"minecraft:dandelion":3,"minecraft:spyglass":2,"minecraft:birch_stairs":2,"minecraft:amethyst_shard":162,"minecraft:spruce_log":7,"minecraft:spider_eye":1,"minecraft:leather_helmet":2,"minecraft:oak_wood":41,"minecraft:stone_axe":1,"minecraft:short_grass":3,"minecraft:iron_helmet":3,"minecraft:coal":176,"minecraft:sunflower":3},"minecraft:killed_by":{"minecraft:evoker":1,"minecraft:vindicator":1,"minecraft:enderman":1},"minecraft:mined":{"minecraft:spruce_planks":4,"minecraft:oak_sapling":3,"minecraft:cobblestone_stairs":1,"minecraft:cave_vines_plant":2,"minecraft:granite":2,"minecraft:grass_block":23,"minecraft:oxeye_daisy":3,"minecraft:chiseled_stone_bricks":1,"minecraft:dark_oak_trapdoor":2,"minecraft:iron_ore":52,"minecraft:fire":5,"minecraft:deepslate_lapis_ore":2,"minecraft:azure_bluet":3,"minecraft:red_tulip":1,"minecraft:potted_dandelion":1,"minecraft:cave_vines":5,"minecraft:oak_stairs":1,"minecraft:pink_tulip":3,"minecraft:spruce_wood":94,"minecraft:blue_orchid":2,"minecraft:player_head":1,"minecraft:spruce_slab":5,"minecraft:amethyst_cluster":13,"minecraft:powder_snow":1,"minecraft:clay":13,"minecraft:torch":10,"minecraft:polished_andesite_stairs":1,"minecraft:poppy":4,"minecraft:glass":41,"minecraft:cobblestone":42,"minecraft:birch_wood":34,"minecraft:oak_planks":14,"minecraft:wall_torch":4,"minecraft:jungle_wood":1,"minecraft:wheat":174,"minecraft:birch_trapdoor":1,"minecraft:lilac":4,"minecraft:stripped_oak_wood":21,"minecraft:orange_tulip":1,"minecraft:oak_log":6,"minecraft:oak_fence_gate":1,"minecraft:sand":20,"minecraft:dirt":27,"minecraft:stripped_birch_wood":2,"minecraft:oak_leaves":166,"minecraft:light_gray_stained_glass_pane":5,"minecraft:deepslate_diamond_ore":2,"minecraft:oak_door":1,"minecraft:dark_oak_log":17,"minecraft:dark_oak_fence":3,"minecraft:spruce_fence":1,"minecraft:birch_slab":5,"minecraft:spruce_leaves":1,"minecraft:large_fern":3,"minecraft:oak_trapdoor":1,"minecraft:furnace":2,"minecraft:carrots":6,"minecraft:andesite":9,"minecraft:stripped_spruce_log":3,"minecraft:peony":4,"minecraft:bookshelf":48,"minecraft:deepslate_iron_ore":7,"minecraft:white_tulip":1,"minecraft:stone":149,"minecraft:birch_stairs":2,"minecraft:oak_slab":1,"minecraft:scaffolding":1,"minecraft:lily_of_the_valley":3,"minecraft:dandelion":2,"minecraft:oak_fence":4,"minecraft:crafting_table":7,"minecraft:cornflower":2,"minecraft:short_grass":27,"minecraft:oak_wood":42,"minecraft:rose_bush":4,"minecraft:tall_grass":44,"minecraft:deepslate_coal_ore":1,"minecraft:lapis_ore":5,"minecraft:spruce_stairs":112,"minecraft:stripped_spruce_wood":4,"minecraft:sweet_berry_bush":15,"minecraft:ice":2,"minecraft:spruce_log":7,"minecraft:potted_azure_bluet":1,"minecraft:coal_ore":70,"minecraft:sunflower":2,"minecraft:stone_bricks":20,"minecraft:dark_oak_planks":9},"minecraft:custom":{"minecraft:animals_bred":17,"minecraft:interact_with_crafting_table":57,"minecraft:open_barrel":1,"minecraft:leave_game":3,"minecraft:time_since_death":15207,"minecraft:sprint_one_cm":854608,"minecraft:damage_blocked_by_shield":270,"minecraft:drop":70,"minecraft:talked_to_villager":1,"minecraft:play_time":297927,"minecraft:deaths":3,"minecraft:jump":4652,"minecraft:walk_on_water_one_cm":17079,"minecraft:interact_with_furnace":95,"minecraft:sleep_in_bed":19,"minecraft:damage_dealt":20906,"minecraft:player_kills":3,"minecraft:crouch_one_cm":44550,"minecraft:interact_with_smoker":3,"minecraft:mob_kills":111,"minecraft:climb_one_cm":236,"minecraft:walk_one_cm":754308,"minecraft:sneak_time":13847,"minecraft:walk_under_water_one_cm":19632,"minecraft:boat_one_cm":180590,"minecraft:interact_with_blast_furnace":3,"minecraft:total_world_time":297927,"minecraft:pot_flower":10,"minecraft:time_since_rest":15227,"minecraft:damage_taken":5372,"minecraft:swim_one_cm":79309,"minecraft:fly_one_cm":1047529,"minecraft:open_chest":79,"minecraft:fall_one_cm":111110},"minecraft:crafted":{"minecraft:brick":42,"minecraft:oak_planks":416,"minecraft:birch_slab":252,"minecraft:lightning_rod":1,"minecraft:stone":104,"minecraft:cooked_mutton":3,"minecraft:glass":8,"minecraft:iron_boots":1,"minecraft:chest":4,"minecraft:stone_hoe":1,"minecraft:stone_bricks":104,"minecraft:oak_fence":30,"minecraft:flower_pot":6,"minecraft:oak_slab":126,"minecraft:crafting_table":4,"minecraft:spruce_planks":228,"minecraft:jungle_boat":1,"minecraft:wooden_pickaxe":1,"minecraft:iron_helmet":1,"minecraft:copper_ingot":6,"minecraft:birch_planks":256,"minecraft:iron_chestplate":1,"minecraft:shield":1,"minecraft:stick":72,"minecraft:iron_ingot":34,"minecraft:iron_pickaxe":1,"minecraft:birch_stairs":52,"minecraft:oak_door":3,"minecraft:leather_boots":1,"minecraft:spyglass":1,"minecraft:furnace":5,"minecraft:white_carpet":3,"minecraft:oak_trapdoor":18,"minecraft:spruce_stairs":136,"minecraft:spruce_slab":18,"minecraft:stone_pickaxe":1,"minecraft:dark_oak_planks":64,"minecraft:cooked_beef":19,"minecraft:iron_sword":1,"minecraft:stone_axe":1,"minecraft:bread":16,"minecraft:air":0,"minecraft:jungle_planks":28,"minecraft:oak_fence_gate":2,"minecraft:oak_stairs":12,"minecraft:birch_trapdoor":8,"minecraft:iron_leggings":1,"minecraft:torch":16},"minecraft:used":{"minecraft:iron_shovel":90,"minecraft:spruce_slab":26,"minecraft:poppy":1,"minecraft:decorated_pot":2,"minecraft:chest":10,"minecraft:shield":2,"minecraft:iron_sword":153,"minecraft:stripped_jungle_wood":1,"minecraft:player_head":1,"minecraft:rotten_flesh":4,"minecraft:iron_chestplate":1,"minecraft:jungle_planks":23,"minecraft:carrot":31,"minecraft:glass":5,"minecraft:spruce_wood":93,"minecraft:grass_block":52,"minecraft:polished_andesite_stairs":1,"minecraft:iron_helmet":1,"minecraft:stone_bricks":64,"minecraft:birch_trapdoor":16,"minecraft:bow":20,"minecraft:sweet_berries":25,"minecraft:oak_sapling":8,"minecraft:furnace":8,"minecraft:bamboo_mosaic":3,"minecraft:stone_pickaxe":103,"minecraft:oak_planks":14,"minecraft:birch_wood":22,"minecraft:wooden_pickaxe":10,"minecraft:jungle_boat":2,"minecraft:oak_leaves":100,"minecraft:white_wool":1,"minecraft:glow_berries":15,"minecraft:blast_furnace":1,"minecraft:shears":137,"minecraft:dark_oak_log":1,"minecraft:birch_slab":75,"minecraft:bread":13,"minecraft:lilac":1,"minecraft:diamond_sword":58,"minecraft:stripped_oak_wood":25,"minecraft:grindstone":1,"minecraft:andesite":2,"minecraft:oak_trapdoor":36,"minecraft:oak_fence":70,"minecraft:rose_bush":1,"minecraft:spruce_planks":9,"minecraft:stripped_birch_wood":2,"minecraft:stone_hoe":118,"minecraft:oak_door":5,"minecraft:torch":54,"minecraft:dirt":81,"minecraft:spyglass":3,"minecraft:white_carpet":3,"minecraft:spruce_stairs":201,"minecraft:oak_wood":183,"minecraft:spruce_fence":15,"minecraft:oak_fence_gate":15,"minecraft:iron_hoe":60,"minecraft:dark_oak_planks":68,"minecraft:iron_axe":651,"minecraft:oak_stairs":13,"minecraft:iron_boots":2,"minecraft:barrel":2,"minecraft:cooked_beef":15,"minecraft:iron_leggings":1,"minecraft:wheat_seeds":257,"minecraft:cooked_mutton":28,"minecraft:water_bucket":28,"minecraft:birch_planks":2,"minecraft:stonecutter":1,"minecraft:spruce_fence_gate":2,"minecraft:oak_slab":73,"minecraft:crafting_table":11,"minecraft:white_bed":4,"minecraft:campfire":1,"minecraft:painting":7,"minecraft:smoker":2,"minecraft:spruce_log":5,"minecraft:oak_log":3,"minecraft:flower_pot":10,"minecraft:iron_pickaxe":281,"minecraft:stone_axe":35,"minecraft:cobblestone":25,"minecraft:bucket":28,"minecraft:glass_pane":17,"minecraft:birch_stairs":92}},"DataVersion":3700}