{"stats":{"minecraft:killed":{"minecraft:sheep":3,"minecraft:drowned":2,"minecraft:cow":4},"minecraft:dropped":{"minecraft:wheat_seeds":1,"minecraft:cobblestone":5,"minecraft:white_bed":1,"minecraft:coal":9,"minecraft:dirt":1,"minecraft:acacia_sapling":1,"minecraft:acacia_pressure_plate":1},"minecraft:picked_up":{"minecraft:coarse_dirt":44,"minecraft:crafting_table":4,"minecraft:leather":3,"minecraft:smoker":3,"minecraft:acacia_pressure_plate":5,"minecraft:flint":5,"minecraft:brewing_stand":1,"minecraft:cobblestone_wall":1,"minecraft:lapis_lazuli":29,"minecraft:dirt":1321,"minecraft:lantern":1,"minecraft:raw_copper":4,"minecraft:acacia_door":1,"minecraft:stonecutter":1,"minecraft:wheat_seeds":65,"minecraft:raw_gold":4,"minecraft:spruce_planks":5,"minecraft:beef":14,"minecraft:cobblestone_slab":10,"minecraft:rose_bush":1,"minecraft:iron_pickaxe":1,"minecraft:lectern":1,"minecraft:sugar_cane":29,"minecraft:acacia_sapling":1,"minecraft:furnace":4,"minecraft:book":54,"minecraft:raw_iron":16,"minecraft:acacia_fence":43,"minecraft:acacia_log":38,"minecraft:gravel":19,"minecraft:spruce_sapling":8,"minecraft:white_bed":2,"minecraft:spruce_log":54,"minecraft:light_gray_bed":3,"minecraft:rotten_flesh":3,"minecraft:mutton":4,"minecraft:coal":78,"minecraft:white_wool":3,"minecraft:cobblestone":207},"minecraft:killed_by":{"minecraft:player":1},"minecraft:mined":{"minecraft:podzol":4,"minecraft:acacia_leaves":13,"minecraft:spruce_planks":5,"minecraft:white_bed":2,"minecraft:smoker":3,"minecraft:brewing_stand":1,"minecraft:crafting_table":4,"minecraft:acacia_log":44,"minecraft:blast_furnace":2,"minecraft:grass_block":968,"minecraft:light_gray_bed":3,"minecraft:lectern":1,"minecraft:copper_ore":1,"minecraft:cobblestone":4,"minecraft:tall_grass":443,"minecraft:spruce_leaves":8,"minecraft:lapis_ore":5,"minecraft:sugar_cane":7,"minecraft:coarse_dirt":44,"minecraft:spruce_sapling":4,"minecraft:furnace":4,"minecraft:cobblestone_wall":3,"minecraft:iron_ore":16,"minecraft:spruce_log":54,"minecraft:bookshelf":18,"minecraft:cobblestone_slab":12,"minecraft:coal_ore":78,"minecraft:dirt_path":20,"minecraft:acacia_fence":49,"minecraft:sunflower":1,"minecraft:gravel":24,"minecraft:dirt":332,"minecraft:stonecutter":1,"minecraft:stone":198,"minecraft:bone_block":1,"minecraft:gold_ore":4},"minecraft:custom":{"minecraft:interact_with_furnace":24,"minecraft:mob_kills":9,"minecraft:interact_with_crafting_table":20,"minecraft:leave_game":1,"minecraft:interact_with_stonecutter":1,"minecraft:time_since_death":96471,"minecraft:sleep_in_bed":6,"minecraft:time_since_rest":18869,"minecraft:sprint_one_cm":247209,"minecraft:damage_taken":664,"minecraft:walk_one_cm":335311,"minecraft:drop":15,"minecraft:damage_dealt":1055,"minecraft:swim_one_cm":25203,"minecraft:talked_to_villager":2,"minecraft:fly_one_cm":604270,"minecraft:open_chest":82,"minecraft:crouch_one_cm":10387,"minecraft:play_time":98717,"minecraft:deaths":1,"minecraft:sneak_time":2932,"minecraft:walk_under_water_one_cm":7954,"minecraft:jump":2430,"minecraft:interact_with_blast_furnace":7,"minecraft:walk_on_water_one_cm":6630,"minecraft:interact_with_smoker":9,"minecraft:total_world_time":98717,"minecraft:fall_one_cm":67478},"minecraft:crafted":{"minecraft:cooked_beef":14,"minecraft:crafting_table":1,"minecraft:spruce_planks":128,"minecraft:wooden_pickaxe":1,"minecraft:furnace":1,"minecraft:cooked_mutton":4,"minecraft:air":0,"minecraft:iron_axe":1,"minecraft:stick":24,"minecraft:iron_ingot":16,"minecraft:iron_pickaxe":2,"minecraft:stone_pickaxe":1,"minecraft:wooden_axe":1,"minecraft:chest":2,"minecraft:iron_shovel":6},"minecraft:broken":{"minecraft:iron_shovel":5,"minecraft:iron_pickaxe":1},"minecraft:used":{"minecraft:cooked_mutton":3,"minecraft:iron_shovel":1439,"minecraft:stone_pickaxe":11,"minecraft:spruce_planks":5,"minecraft:chest":2,"minecraft:wooden_pickaxe":16,"minecraft:dirt":481,"minecraft:crafting_table":5,"minecraft:white_bed":1,"minecraft:spruce_log":20,"minecraft:smoker":1,"minecraft:wooden_axe":32,"minecraft:iron_axe":165,"minecraft:bread":7,"minecraft:iron_pickaxe":312,"minecraft:spruce_sapling":6,"minecraft:cobblestone":12,"minecraft:furnace":3,"minecraft:cooked_beef":6,"minecraft:light_gray_bed":3}},"DataVersion":3700}