{"stats":{"minecraft:killed":{"minecraft:skeleton":3,"minecraft:chicken":1,"minecraft:cow":3},"minecraft:dropped":{"minecraft:charcoal":1,"minecraft:cobblestone":4,"minecraft:stick":7},"minecraft:picked_up":{"minecraft:stick":3,"minecraft:raw_iron":3,"minecraft:crafting_table":2,"minecraft:feather":2,"minecraft:chicken":1,"minecraft:leather":5,"minecraft:jungle_wood":4,"minecraft:dirt":15,"minecraft:bone":4,"minecraft:arrow":3,"minecraft:peony":1,"minecraft:wheat_seeds":2,"minecraft:beef":4,"minecraft:bamboo":42,"minecraft:coal":33,"minecraft:furnace":1,"minecraft:cobblestone":42},"minecraft:killed_by":{"minecraft:player":1},"minecraft:mined":{"minecraft:large_fern":1,"minecraft:podzol":1,"minecraft:jungle_wood":4,"minecraft:furnace":1,"minecraft:iron_ore":3,"minecraft:peony":1,"minecraft:crafting_table":2,"minecraft:coal_ore":28,"minecraft:dirt":12,"minecraft:tall_grass":3,"minecraft:cobblestone":5,"minecraft:bamboo":3,"minecraft:stone":37},"minecraft:crafted":{"minecraft:charcoal":1,"minecraft:crafting_table":1,"minecraft:stick":12,"minecraft:wooden_pickaxe":1,"minecraft:stone_pickaxe":1,"minecraft:furnace":1,"minecraft:torch":4,"minecraft:stone_axe":1,"minecraft:air":0,"minecraft:jungle_planks":16,"minecraft:cooked_beef":4},"minecraft:custom":{"minecraft:time_since_rest":20502,"minecraft:interact_with_furnace":7,"minecraft:sprint_one_cm":49644,"minecraft:damage_taken":325,"minecraft:walk_one_cm":35462,"minecraft:mob_kills":7,"minecraft:drop":12,"minecraft:damage_dealt":1264,"minecraft:fly_one_cm":56093,"minecraft:swim_one_cm":5299,"minecraft:interact_with_crafting_table":4,"minecraft:player_kills":1,"minecraft:play_time":23220,"minecraft:deaths":1,"minecraft:sneak_time":10,"minecraft:walk_under_water_one_cm":650,"minecraft:jump":333,"minecraft:leave_game":1,"minecraft:walk_on_water_one_cm":2262,"minecraft:time_since_death":19782,"minecraft:total_world_time":23220,"minecraft:fall_one_cm":8253},"minecraft:used":{"minecraft:stone_pickaxe":67,"minecraft:wooden_pickaxe":7,"minecraft:stone_axe":18,"minecraft:torch":2,"minecraft:dirt":6,"minecraft:crafting_table":3,"minecraft:furnace":1,"minecraft:jungle_planks":2,"minecraft:cooked_beef":2}},"DataVersion":3700}