{"stats":{"minecraft:picked_up":{"minecraft:cocoa_beans":6,"minecraft:crafting_table":1,"minecraft:jungle_wood":6,"minecraft:bamboo":10},"minecraft:mined":{"minecraft:cocoa":2,"minecraft:jungle_wood":5,"minecraft:jungle_leaves":8,"minecraft:crafting_table":1},"minecraft:crafted":{"minecraft:stick":4,"minecraft:wooden_pickaxe":1,"minecraft:jungle_planks":16},"minecraft:custom":{"minecraft:time_since_rest":3802,"minecraft:crouch_one_cm":137,"minecraft:play_time":3802,"minecraft:sprint_one_cm":2727,"minecraft:damage_taken":210,"minecraft:walk_one_cm":11787,"minecraft:sneak_time":38,"minecraft:walk_under_water_one_cm":1073,"minecraft:jump":48,"minecraft:leave_game":1,"minecraft:time_since_death":3802,"minecraft:walk_on_water_one_cm":197,"minecraft:total_world_time":3802,"minecraft:fall_one_cm":3541,"minecraft:interact_with_crafting_table":1,"minecraft:fly_one_cm":3791}},"DataVersion":3700}