{"stats":{"minecraft:killed":{"minecraft:skeleton":4,"minecraft:pig":2,"minecraft:creeper":1,"minecraft:sheep":1,"minecraft:pillager":1,"minecraft:zombie":9,"minecraft:cow":6},"minecraft:dropped":{"minecraft:iron_ingot":2,"minecraft:iron_sword":1,"minecraft:moss_block":2,"minecraft:orange_tulip":1,"minecraft:jungle_wood":4,"minecraft:cobblestone_stairs":1,"minecraft:diorite":2,"minecraft:torch":1,"minecraft:sand":7,"minecraft:jungle_boat":1,"minecraft:oak_wood":1,"minecraft:andesite":5,"minecraft:sandstone":7},"minecraft:picked_up":{"minecraft:wooden_axe":11,"minecraft:cocoa_beans":12,"minecraft:iron_chestplate":5,"minecraft:crafting_table":11,"minecraft:wheat":17,"minecraft:diamond_sword":6,"minecraft:wooden_pickaxe":14,"minecraft:oak_stairs":12,"minecraft:iron_axe":9,"minecraft:wooden_sword":6,"minecraft:iron_leggings":3,"minecraft:iron_shovel":4,"minecraft:cobbled_deepslate":188,"minecraft:spruce_planks":26,"minecraft:beef":14,"minecraft:rose_bush":4,"minecraft:jungle_sapling":5,"minecraft:iron_nugget":36,"minecraft:poppy":2,"minecraft:iron_pickaxe":7,"minecraft:egg":1,"minecraft:iron_boots":5,"minecraft:furnace":2,"minecraft:raw_iron":93,"minecraft:stick":128,"minecraft:sandstone":14,"minecraft:oak_fence":6,"minecraft:torch":44,"minecraft:spruce_stairs":6,"minecraft:porkchop":2,"minecraft:diorite":30,"minecraft:redstone":150,"minecraft:arrow":6,"minecraft:rotten_flesh":23,"minecraft:peony":7,"minecraft:red_tulip":1,"minecraft:pink_tulip":9,"minecraft:cobblestone":616,"minecraft:oxeye_daisy":4,"minecraft:leather_chestplate":1,"minecraft:jungle_boat":2,"minecraft:cooked_beef":26,"minecraft:lilac":2,"minecraft:andesite":89,"minecraft:salmon":1,"minecraft:leather":10,"minecraft:jungle_wood":28,"minecraft:flint":2,"minecraft:oak_log":310,"minecraft:cobblestone_stairs":35,"minecraft:lapis_lazuli":109,"minecraft:dirt":291,"minecraft:bone":6,"minecraft:apple":18,"minecraft:wheat_seeds":89,"minecraft:orange_tulip":3,"minecraft:raw_gold":32,"minecraft:stone_pickaxe":11,"minecraft:iron_ingot":76,"minecraft:bamboo":325,"minecraft:moss_block":4,"minecraft:flowering_azalea":5,"minecraft:iron_sword":12,"minecraft:oak_planks":286,"minecraft:oak_slab":2,"minecraft:dandelion":6,"minecraft:gravel":27,"minecraft:jungle_planks":14,"minecraft:sand":78,"minecraft:spruce_log":8,"minecraft:iron_hoe":6,"minecraft:oak_wood":117,"minecraft:diamond":50,"minecraft:iron_helmet":3,"minecraft:granite":28,"minecraft:oak_sapling":104,"minecraft:coal":179,"minecraft:oak_leaves":160,"minecraft:diamond_pickaxe":5},"minecraft:killed_by":{"minecraft:player":5,"minecraft:skeleton":5},"minecraft:mined":{"minecraft:oak_sapling":12,"minecraft:deepslate_diamond_ore":11,"minecraft:cobblestone_stairs":22,"minecraft:jungle_leaves":10,"minecraft:granite":8,"minecraft:grass_block":144,"minecraft:moss_block":3,"minecraft:oxeye_daisy":1,"minecraft:sandstone":7,"minecraft:large_fern":4,"minecraft:redstone_ore":6,"minecraft:furnace":2,"minecraft:fire":17,"minecraft:iron_ore":33,"minecraft:andesite":30,"minecraft:deepslate_lapis_ore":2,"minecraft:peony":1,"minecraft:deepslate_iron_ore":25,"minecraft:oak_stairs":12,"minecraft:pink_tulip":4,"minecraft:bamboo_sapling":1,"minecraft:bamboo":5,"minecraft:stone":389,"minecraft:deepslate_redstone_ore":1,"minecraft:oak_slab":1,"minecraft:flowering_azalea":5,"minecraft:dandelion":2,"minecraft:powder_snow":4,"minecraft:oak_fence":4,"minecraft:crafting_table":6,"minecraft:torch":3,"minecraft:short_grass":13,"minecraft:oak_wood":109,"minecraft:poppy":1,"minecraft:rose_bush":2,"minecraft:tall_grass":24,"minecraft:cobblestone":40,"minecraft:deepslate_coal_ore":1,"minecraft:deepslate_gold_ore":8,"minecraft:oak_planks":182,"minecraft:diorite":11,"minecraft:wall_torch":2,"minecraft:spruce_stairs":7,"minecraft:jungle_wood":15,"minecraft:wheat":17,"minecraft:lilac":2,"minecraft:spruce_log":8,"minecraft:oak_log":165,"minecraft:coal_ore":54,"minecraft:cocoa":2,"minecraft:gravel":29,"minecraft:sand":72,"minecraft:dirt":18,"minecraft:small_dripleaf":2,"minecraft:gold_ore":4,"minecraft:oak_leaves":183,"minecraft:deepslate":58},"minecraft:custom":{"minecraft:mob_kills":24,"minecraft:interact_with_crafting_table":52,"minecraft:leave_game":3,"minecraft:time_since_death":18135,"minecraft:climb_one_cm":2132,"minecraft:sprint_one_cm":686210,"minecraft:walk_one_cm":655782,"minecraft:drop":18,"minecraft:play_time":202023,"minecraft:deaths":13,"minecraft:sneak_time":3138,"minecraft:walk_under_water_one_cm":12150,"minecraft:boat_one_cm":121571,"minecraft:jump":3738,"minecraft:walk_on_water_one_cm":22148,"minecraft:total_world_time":202023,"minecraft:interact_with_furnace":60,"minecraft:time_since_rest":18160,"minecraft:damage_taken":4934,"minecraft:damage_dealt":4937,"minecraft:swim_one_cm":17261,"minecraft:fly_one_cm":633052,"minecraft:player_kills":2,"minecraft:open_chest":25,"minecraft:crouch_one_cm":12255,"minecraft:fall_one_cm":120694},"minecraft:crafted":{"minecraft:wooden_sword":1,"minecraft:oak_planks":656,"minecraft:iron_nugget":18,"minecraft:furnace":2,"minecraft:cobblestone_stairs":48,"minecraft:flint_and_steel":1,"minecraft:glass":64,"minecraft:iron_boots":1,"minecraft:iron_axe":3,"minecraft:ladder":6,"minecraft:iron_hoe":1,"minecraft:chest":2,"minecraft:oak_fence":15,"minecraft:cooked_beef":12,"minecraft:oak_slab":78,"minecraft:diamond_sword":1,"minecraft:cooked_porkchop":2,"minecraft:crafting_table":2,"minecraft:spruce_planks":32,"minecraft:wooden_pickaxe":1,"minecraft:iron_helmet":1,"minecraft:iron_sword":1,"minecraft:bucket":1,"minecraft:air":0,"minecraft:jungle_planks":16,"minecraft:oak_fence_gate":1,"minecraft:iron_chestplate":1,"minecraft:diamond_pickaxe":1,"minecraft:stick":36,"minecraft:iron_ingot":53,"minecraft:iron_pickaxe":1,"minecraft:oak_stairs":64,"minecraft:gold_ingot":12,"minecraft:iron_leggings":1,"minecraft:iron_shovel":1,"minecraft:torch":8},"minecraft:broken":{"minecraft:iron_shovel":1,"minecraft:iron_axe":2},"minecraft:used":{"minecraft:oak_fence":11,"minecraft:peony":3,"minecraft:moss_block":2,"minecraft:rose_bush":2,"minecraft:iron_shovel":255,"minecraft:flint_and_steel":19,"minecraft:white_tulip":1,"minecraft:ladder":4,"minecraft:poppy":2,"minecraft:chest":2,"minecraft:iron_sword":71,"minecraft:torch":17,"minecraft:dirt":98,"minecraft:lily_of_the_valley":2,"minecraft:azure_bluet":1,"minecraft:oak_fence_gate":1,"minecraft:iron_hoe":105,"minecraft:glass":28,"minecraft:wooden_axe":43,"minecraft:flowering_azalea":6,"minecraft:red_tulip":1,"minecraft:oak_stairs":68,"minecraft:iron_axe":514,"minecraft:blue_orchid":1,"minecraft:bamboo":1,"minecraft:furnace":4,"minecraft:oak_sapling":109,"minecraft:cooked_beef":20,"minecraft:cobbled_deepslate":27,"minecraft:wheat_seeds":45,"minecraft:short_grass":3,"minecraft:water_bucket":3,"minecraft:pink_tulip":7,"minecraft:cobblestone_stairs":68,"minecraft:stone_pickaxe":60,"minecraft:oak_planks":643,"minecraft:orange_tulip":2,"minecraft:wooden_pickaxe":49,"minecraft:oak_leaves":26,"minecraft:jungle_wood":2,"minecraft:oak_slab":80,"minecraft:crafting_table":6,"minecraft:oak_log":78,"minecraft:diamond_pickaxe":433,"minecraft:apple":3,"minecraft:oxeye_daisy":3,"minecraft:iron_pickaxe":186,"minecraft:gravel":3,"minecraft:lilac":1,"minecraft:diamond_sword":34,"minecraft:wooden_sword":6,"minecraft:cobblestone":191,"minecraft:cooked_porkchop":2,"minecraft:andesite":6,"minecraft:bucket":3,"minecraft:dandelion":3}},"DataVersion":3700}