{"stats":{"minecraft:killed":{"minecraft:spider":3,"minecraft:skeleton":5,"minecraft:pig":2,"minecraft:zombie_villager":1,"minecraft:creeper":1,"minecraft:sheep":1,"minecraft:pillager":1,"minecraft:zombie":13,"minecraft:glow_squid":1,"minecraft:cow":6},"minecraft:dropped":{"minecraft:iron_ingot":2,"minecraft:iron_sword":1,"minecraft:moss_block":2,"minecraft:orange_tulip":1,"minecraft:iron_helmet":1,"minecraft:jungle_wood":4,"minecraft:coal":15,"minecraft:cobblestone_stairs":1,"minecraft:diorite":2,"minecraft:torch":1,"minecraft:sand":7,"minecraft:jungle_boat":1,"minecraft:rotten_flesh":1,"minecraft:iron_boots":1,"minecraft:leather_chestplate":1,"minecraft:oak_wood":1,"minecraft:iron_chestplate":1,"minecraft:andesite":5,"minecraft:sandstone":7},"minecraft:picked_up":{"minecraft:wooden_axe":11,"minecraft:cocoa_beans":12,"minecraft:iron_chestplate":11,"minecraft:crafting_table":11,"minecraft:wheat":34,"minecraft:ladder":4,"minecraft:brown_mushroom":7,"minecraft:diamond_sword":14,"minecraft:wooden_pickaxe":14,"minecraft:oak_stairs":12,"minecraft:string":4,"minecraft:raw_copper":22,"minecraft:iron_axe":9,"minecraft:wooden_sword":6,"minecraft:flint_and_steel":8,"minecraft:iron_leggings":8,"minecraft:iron_shovel":4,"minecraft:blue_orchid":2,"minecraft:cobbled_deepslate":239,"minecraft:spruce_planks":26,"minecraft:beef":14,"minecraft:rose_bush":6,"minecraft:jungle_sapling":5,"minecraft:iron_nugget":36,"minecraft:poppy":2,"minecraft:iron_pickaxe":7,"minecraft:egg":1,"minecraft:iron_boots":12,"minecraft:furnace":2,"minecraft:stick":156,"minecraft:raw_iron":369,"minecraft:sandstone":14,"minecraft:oak_fence":22,"minecraft:torch":133,"minecraft:spruce_stairs":6,"minecraft:porkchop":2,"minecraft:diorite":55,"minecraft:redstone":150,"minecraft:diamond_chestplate":3,"minecraft:arrow":18,"minecraft:rotten_flesh":41,"minecraft:peony":9,"minecraft:diamond_boots":1,"minecraft:red_tulip":1,"minecraft:pink_tulip":10,"minecraft:cobblestone":926,"minecraft:oxeye_daisy":4,"minecraft:leather_chestplate":3,"minecraft:jungle_boat":2,"minecraft:cooked_beef":46,"minecraft:lilac":22,"minecraft:glow_ink_sac":10,"minecraft:andesite":97,"minecraft:salmon":1,"minecraft:leather":14,"minecraft:jungle_wood":28,"minecraft:red_mushroom":13,"minecraft:flint":4,"minecraft:oak_log":1161,"minecraft:cobblestone_stairs":35,"minecraft:lapis_lazuli":383,"minecraft:dirt":379,"minecraft:bone":21,"minecraft:apple":21,"minecraft:cobbled_deepslate_wall":1,"minecraft:wheat_seeds":131,"minecraft:orange_tulip":3,"minecraft:raw_gold":94,"minecraft:iron_ingot":81,"minecraft:stone_pickaxe":11,"minecraft:diamond_helmet":4,"minecraft:bamboo":325,"minecraft:moss_block":4,"minecraft:iron_sword":14,"minecraft:oak_planks":352,"minecraft:flowering_azalea":5,"minecraft:oak_slab":2,"minecraft:cooked_porkchop":4,"minecraft:dandelion":6,"minecraft:dripstone_block":2,"minecraft:gravel":75,"minecraft:sand":78,"minecraft:jungle_planks":14,"minecraft:spruce_log":8,"minecraft:spider_eye":2,"minecraft:iron_hoe":8,"minecraft:oak_wood":117,"minecraft:diamond":112,"minecraft:iron_helmet":4,"minecraft:diamond_axe":2,"minecraft:granite":45,"minecraft:oak_sapling":120,"minecraft:coal":392,"minecraft:oak_leaves":270,"minecraft:sunflower":4,"minecraft:diamond_pickaxe":18},"minecraft:killed_by":{"minecraft:player":5,"minecraft:creeper":2,"minecraft:skeleton":13,"minecraft:zombie":3},"minecraft:mined":{"minecraft:oak_sapling":12,"minecraft:deepslate_diamond_ore":29,"minecraft:cobblestone_stairs":22,"minecraft:jungle_leaves":10,"minecraft:granite":9,"minecraft:grass_block":144,"minecraft:red_mushroom":1,"minecraft:moss_block":3,"minecraft:oxeye_daisy":1,"minecraft:sandstone":7,"minecraft:large_fern":4,"minecraft:redstone_ore":6,"minecraft:furnace":2,"minecraft:iron_ore":33,"minecraft:fire":17,"minecraft:andesite":31,"minecraft:deepslate_lapis_ore":7,"minecraft:peony":1,"minecraft:deepslate_iron_ore":65,"minecraft:oak_stairs":12,"minecraft:pink_tulip":4,"minecraft:bamboo_sapling":1,"minecraft:bamboo":5,"minecraft:stone":445,"minecraft:deepslate_redstone_ore":1,"minecraft:oak_slab":1,"minecraft:flowering_azalea":5,"minecraft:dandelion":2,"minecraft:powder_snow":4,"minecraft:cobbled_deepslate_wall":1,"minecraft:oak_fence":4,"minecraft:crafting_table":6,"minecraft:torch":6,"minecraft:short_grass":13,"minecraft:oak_wood":109,"minecraft:poppy":1,"minecraft:rose_bush":2,"minecraft:copper_ore":1,"minecraft:cobblestone":40,"minecraft:tall_grass":30,"minecraft:deepslate_coal_ore":1,"minecraft:deepslate_gold_ore":15,"minecraft:oak_planks":182,"minecraft:diorite":21,"minecraft:wall_torch":2,"minecraft:spruce_stairs":7,"minecraft:jungle_wood":15,"minecraft:wheat":17,"minecraft:lilac":4,"minecraft:spruce_log":8,"minecraft:oak_log":233,"minecraft:coal_ore":85,"minecraft:cocoa":2,"minecraft:dripstone_block":5,"minecraft:gravel":29,"minecraft:sand":72,"minecraft:dirt":18,"minecraft:small_dripleaf":2,"minecraft:gold_ore":11,"minecraft:oak_leaves":186,"minecraft:deepslate":104},"minecraft:custom":{"minecraft:mob_kills":34,"minecraft:interact_with_crafting_table":56,"minecraft:leave_game":4,"minecraft:time_since_death":616,"minecraft:climb_one_cm":5005,"minecraft:sprint_one_cm":939807,"minecraft:walk_one_cm":807444,"minecraft:drop":38,"minecraft:play_time":257244,"minecraft:deaths":29,"minecraft:sneak_time":3250,"minecraft:walk_under_water_one_cm":15823,"minecraft:boat_one_cm":121571,"minecraft:jump":5148,"minecraft:walk_on_water_one_cm":31191,"minecraft:total_world_time":257244,"minecraft:interact_with_furnace":60,"minecraft:sleep_in_bed":2,"minecraft:time_since_rest":677,"minecraft:damage_taken":9155,"minecraft:damage_dealt":6960,"minecraft:swim_one_cm":19832,"minecraft:player_kills":2,"minecraft:fly_one_cm":900684,"minecraft:open_chest":38,"minecraft:crouch_one_cm":12282,"minecraft:fall_one_cm":173047},"minecraft:crafted":{"minecraft:wooden_sword":1,"minecraft:oak_planks":656,"minecraft:iron_nugget":18,"minecraft:furnace":2,"minecraft:cobblestone_stairs":48,"minecraft:flint_and_steel":1,"minecraft:glass":64,"minecraft:diamond_helmet":1,"minecraft:iron_boots":1,"minecraft:iron_axe":3,"minecraft:ladder":6,"minecraft:iron_hoe":1,"minecraft:chest":2,"minecraft:diamond_boots":1,"minecraft:oak_fence":15,"minecraft:cooked_beef":12,"minecraft:oak_slab":78,"minecraft:diamond_sword":1,"minecraft:cooked_porkchop":2,"minecraft:diamond_axe":1,"minecraft:crafting_table":2,"minecraft:spruce_planks":32,"minecraft:wooden_pickaxe":1,"minecraft:iron_helmet":1,"minecraft:iron_sword":1,"minecraft:bucket":1,"minecraft:air":0,"minecraft:jungle_planks":16,"minecraft:oak_fence_gate":1,"minecraft:iron_chestplate":1,"minecraft:diamond_pickaxe":1,"minecraft:stick":36,"minecraft:iron_ingot":53,"minecraft:iron_pickaxe":1,"minecraft:oak_stairs":64,"minecraft:iron_shovel":1,"minecraft:iron_leggings":1,"minecraft:gold_ingot":12,"minecraft:torch":32,"minecraft:diamond_chestplate":1},"minecraft:broken":{"minecraft:iron_shovel":1,"minecraft:iron_axe":2},"minecraft:used":{"minecraft:peony":3,"minecraft:moss_block":2,"minecraft:oak_fence":11,"minecraft:rose_bush":2,"minecraft:iron_shovel":255,"minecraft:flint_and_steel":54,"minecraft:white_tulip":1,"minecraft:ladder":4,"minecraft:poppy":2,"minecraft:chest":2,"minecraft:iron_sword":71,"minecraft:rotten_flesh":2,"minecraft:torch":22,"minecraft:dirt":111,"minecraft:lily_of_the_valley":2,"minecraft:azure_bluet":1,"minecraft:oak_fence_gate":1,"minecraft:glass":28,"minecraft:iron_hoe":105,"minecraft:wooden_axe":43,"minecraft:flowering_azalea":6,"minecraft:red_tulip":1,"minecraft:oak_stairs":68,"minecraft:iron_axe":514,"minecraft:blue_orchid":1,"minecraft:bamboo":1,"minecraft:oak_sapling":117,"minecraft:furnace":4,"minecraft:egg":1,"minecraft:cooked_beef":22,"minecraft:cobbled_deepslate":72,"minecraft:short_grass":3,"minecraft:wheat_seeds":45,"minecraft:water_bucket":3,"minecraft:pink_tulip":8,"minecraft:cobblestone_stairs":68,"minecraft:stone_pickaxe":60,"minecraft:oak_planks":643,"minecraft:orange_tulip":2,"minecraft:wooden_pickaxe":49,"minecraft:diamond_axe":74,"minecraft:oak_leaves":26,"minecraft:jungle_wood":2,"minecraft:oak_slab":80,"minecraft:crafting_table":6,"minecraft:oak_log":96,"minecraft:diamond_pickaxe":672,"minecraft:apple":6,"minecraft:oxeye_daisy":3,"minecraft:iron_pickaxe":186,"minecraft:gravel":3,"minecraft:lilac":1,"minecraft:diamond_sword":80,"minecraft:wooden_sword":6,"minecraft:cobblestone":192,"minecraft:cooked_porkchop":4,"minecraft:bucket":3,"minecraft:andesite":6,"minecraft:dandelion":3}},"DataVersion":3700}