{"stats":{"minecraft:picked_up":{"minecraft:stick":4,"minecraft:coal":8,"minecraft:cobblestone":8},"minecraft:mined":{"minecraft:coal_ore":10},"minecraft:crafted":{"minecraft:stone_pickaxe":1},"minecraft:custom":{"minecraft:jump":40,"minecraft:time_since_rest":2865,"minecraft:crouch_one_cm":52,"minecraft:leave_game":1,"minecraft:sprint_one_cm":5419,"minecraft:play_time":2865,"minecraft:time_since_death":2865,"minecraft:walk_one_cm":5153,"minecraft:sneak_time":14,"minecraft:total_world_time":2865,"minecraft:interact_with_crafting_table":1,"minecraft:fall_one_cm":1161,"minecraft:fly_one_cm":5741},"minecraft:used":{"minecraft:stone_pickaxe":10}},"DataVersion":3700}