{"stats":{"minecraft:killed":{"minecraft:cave_spider":6,"minecraft:spider":1},"minecraft:dropped":{"minecraft:stone_axe":1,"minecraft:sweet_berries":1,"minecraft:raw_iron":19,"minecraft:cobblestone":1,"minecraft:iron_pickaxe":1},"minecraft:picked_up":{"minecraft:pink_petals":82,"minecraft:cocoa_beans":30,"minecraft:crafting_table":4,"minecraft:allium":6,"minecraft:cherry_planks":108,"minecraft:andesite":11,"minecraft:jungle_wood":11,"minecraft:wooden_pickaxe":1,"minecraft:tuff":8,"minecraft:lapis_lazuli":43,"minecraft:string":6,"minecraft:dirt":3,"minecraft:cobbled_deepslate":61,"minecraft:raw_gold":22,"minecraft:stone_pickaxe":1,"minecraft:rose_bush":2,"minecraft:poppy":2,"minecraft:iron_pickaxe":1,"minecraft:bamboo":6,"minecraft:sugar_cane":10,"minecraft:furnace":2,"minecraft:stick":2,"minecraft:raw_iron":58,"minecraft:sweet_berries":26,"minecraft:torch":1,"minecraft:gravel":5,"minecraft:jungle_planks":29,"minecraft:diorite":5,"minecraft:stone_axe":2,"minecraft:peony":1,"minecraft:cherry_wood":27,"minecraft:cherry_sapling":2,"minecraft:coal":20,"minecraft:cobblestone":205},"minecraft:killed_by":{"minecraft:cave_spider":1},"minecraft:mined":{"minecraft:tuff":8,"minecraft:jungle_leaves":1,"minecraft:crafting_table":3,"minecraft:short_grass":3,"minecraft:allium":4,"minecraft:grass_block":1,"minecraft:poppy":1,"minecraft:rose_bush":1,"minecraft:cobblestone":5,"minecraft:tall_grass":1,"minecraft:deepslate_coal_ore":5,"minecraft:cherry_wood":27,"minecraft:deepslate_gold_ore":19,"minecraft:lapis_ore":6,"minecraft:sugar_cane":1,"minecraft:diorite":5,"minecraft:pink_petals":22,"minecraft:jungle_wood":11,"minecraft:furnace":2,"minecraft:iron_ore":9,"minecraft:sweet_berry_bush":14,"minecraft:andesite":11,"minecraft:peony":2,"minecraft:coal_ore":15,"minecraft:deepslate_iron_ore":12,"minecraft:vine":1,"minecraft:cherry_leaves":45,"minecraft:gravel":5,"minecraft:dirt":2,"minecraft:bamboo":2,"minecraft:stone":143,"minecraft:gold_ore":3,"minecraft:deepslate":61,"minecraft:fern":1},"minecraft:custom":{"minecraft:interact_with_furnace":48,"minecraft:mob_kills":8,"minecraft:interact_with_crafting_table":28,"minecraft:leave_game":2,"minecraft:time_since_death":30010,"minecraft:time_since_rest":30030,"minecraft:sprint_one_cm":100154,"minecraft:damage_taken":430,"minecraft:walk_one_cm":71081,"minecraft:drop":5,"minecraft:damage_dealt":993,"minecraft:swim_one_cm":5021,"minecraft:fly_one_cm":114891,"minecraft:crouch_one_cm":2373,"minecraft:play_time":46668,"minecraft:deaths":1,"minecraft:sneak_time":1746,"minecraft:walk_under_water_one_cm":3499,"minecraft:jump":780,"minecraft:walk_on_water_one_cm":3749,"minecraft:total_world_time":46668,"minecraft:fall_one_cm":19628},"minecraft:crafted":{"minecraft:cherry_planks":108,"minecraft:crafting_table":2,"minecraft:iron_helmet":1,"minecraft:wooden_pickaxe":1,"minecraft:furnace":2,"minecraft:bucket":1,"minecraft:stone_axe":1,"minecraft:air":0,"minecraft:jungle_planks":44,"minecraft:iron_boots":1,"minecraft:iron_chestplate":1,"minecraft:shield":1,"minecraft:iron_axe":1,"minecraft:stick":16,"minecraft:iron_ingot":36,"minecraft:iron_pickaxe":1,"minecraft:stone_pickaxe":1,"minecraft:iron_leggings":1,"minecraft:torch":24},"minecraft:used":{"minecraft:peony":1,"minecraft:water_bucket":1,"minecraft:stone_pickaxe":128,"minecraft:wooden_pickaxe":15,"minecraft:torch":13,"minecraft:dirt":3,"minecraft:crafting_table":4,"minecraft:jungle_planks":10,"minecraft:iron_axe":5,"minecraft:iron_pickaxe":168,"minecraft:iron_helmet":1,"minecraft:stone_axe":67,"minecraft:cobblestone":113,"minecraft:sweet_berries":12,"minecraft:furnace":3,"minecraft:bucket":2}},"DataVersion":3700}