{"stats":{"minecraft:killed":{"minecraft:spider":1,"minecraft:skeleton":1,"minecraft:tropical_fish":4,"minecraft:sheep":1,"minecraft:zombie":2,"minecraft:cow":10},"minecraft:dropped":{"minecraft:iron_ingot":7,"minecraft:iron_sword":1,"minecraft:wheat_seeds":1,"minecraft:cooked_beef":1,"minecraft:oak_log":3,"minecraft:spruce_stairs":5,"minecraft:dirt":8,"minecraft:mossy_cobblestone_slab":1,"minecraft:torch":6,"minecraft:wooden_axe":2,"minecraft:wooden_sword":1,"minecraft:jungle_boat":1,"minecraft:spruce_sapling":1,"minecraft:dandelion":1,"minecraft:cobbled_deepslate":4,"minecraft:raw_iron":51,"minecraft:carrot":1,"minecraft:poppy":1,"minecraft:oak_sapling":8,"minecraft:bamboo":133,"minecraft:arrow":3,"minecraft:wooden_pickaxe":3,"minecraft:stone_pickaxe":4,"minecraft:red_tulip":1},"minecraft:picked_up":{"minecraft:wooden_axe":2,"minecraft:charcoal":2,"minecraft:cocoa_beans":33,"minecraft:crafting_table":11,"minecraft:wheat":96,"minecraft:allium":1,"minecraft:stone_slab":7,"minecraft:wooden_pickaxe":3,"minecraft:cornflower":1,"minecraft:string":2,"minecraft:raw_copper":20,"minecraft:wooden_sword":1,"minecraft:blue_orchid":2,"minecraft:cobbled_deepslate":8,"minecraft:spruce_planks":55,"minecraft:beef":35,"minecraft:white_tulip":2,"minecraft:cobblestone_slab":9,"minecraft:rose_bush":2,"minecraft:poppy":2,"minecraft:iron_pickaxe":1,"minecraft:spruce_slab":36,"minecraft:sugar_cane":11,"minecraft:spruce_trapdoor":2,"minecraft:furnace":7,"minecraft:raw_iron":103,"minecraft:stick":15,"minecraft:torch":22,"minecraft:spruce_stairs":19,"minecraft:porkchop":2,"minecraft:diorite":47,"minecraft:carrot":16,"minecraft:arrow":1,"minecraft:rotten_flesh":4,"minecraft:tropical_fish":4,"minecraft:red_tulip":1,"minecraft:pink_tulip":3,"minecraft:mutton":2,"minecraft:white_wool":3,"minecraft:cobblestone":649,"minecraft:oxeye_daisy":1,"minecraft:mossy_cobblestone_slab":2,"minecraft:jungle_boat":4,"minecraft:lilac":4,"minecraft:cooked_beef":1,"minecraft:andesite":39,"minecraft:leather":8,"minecraft:jungle_wood":18,"minecraft:oak_log":4,"minecraft:cobblestone_stairs":6,"minecraft:lapis_lazuli":96,"minecraft:dirt":75,"minecraft:bone":1,"minecraft:wheat_seeds":263,"minecraft:spruce_wood":37,"minecraft:iron_ingot":8,"minecraft:stone_pickaxe":3,"minecraft:cooked_chicken":1,"minecraft:oak_planks":2,"minecraft:bamboo":363,"minecraft:moss_block":1,"minecraft:iron_sword":1,"minecraft:scaffolding":63,"minecraft:dandelion":1,"minecraft:gravel":3,"minecraft:sand":36,"minecraft:jungle_planks":21,"minecraft:amethyst_shard":60,"minecraft:spruce_sapling":19,"minecraft:spruce_log":443,"minecraft:mossy_cobblestone":17,"minecraft:oak_wood":5,"minecraft:polished_diorite":2,"minecraft:stone_axe":1,"minecraft:granite":1,"minecraft:oak_sapling":16,"minecraft:coal":152,"minecraft:oak_leaves":19,"minecraft:andesite_slab":4,"minecraft:sunflower":1},"minecraft:killed_by":{"minecraft:player":1},"minecraft:mined":{"minecraft:spruce_planks":56,"minecraft:oak_sapling":11,"minecraft:mossy_cobblestone":17,"minecraft:cobblestone_stairs":6,"minecraft:jungle_leaves":5,"minecraft:spruce_trapdoor":2,"minecraft:granite":1,"minecraft:allium":1,"minecraft:grass_block":63,"minecraft:polished_diorite":2,"minecraft:spruce_leaves":92,"minecraft:moss_block":1,"minecraft:oxeye_daisy":1,"minecraft:large_fern":10,"minecraft:mossy_cobblestone_slab":2,"minecraft:furnace":6,"minecraft:carrots":4,"minecraft:iron_ore":20,"minecraft:andesite":25,"minecraft:deepslate_iron_ore":11,"minecraft:cobblestone_slab":8,"minecraft:small_amethyst_bud":1,"minecraft:pink_tulip":2,"minecraft:spruce_wood":37,"minecraft:bamboo":6,"minecraft:white_tulip":1,"minecraft:blue_orchid":1,"minecraft:stone":609,"minecraft:spruce_slab":27,"minecraft:scaffolding":25,"minecraft:amethyst_cluster":2,"minecraft:dandelion":1,"minecraft:powder_snow":1,"minecraft:oak_fence":1,"minecraft:cornflower":1,"minecraft:crafting_table":7,"minecraft:torch":4,"minecraft:short_grass":18,"minecraft:oak_wood":5,"minecraft:poppy":1,"minecraft:rose_bush":1,"minecraft:andesite_slab":4,"minecraft:stone_slab":7,"minecraft:cobblestone":38,"minecraft:copper_ore":2,"minecraft:tall_grass":44,"minecraft:lapis_ore":7,"minecraft:oak_planks":2,"minecraft:sugar_cane":4,"minecraft:diorite":50,"minecraft:wall_torch":1,"minecraft:spruce_stairs":10,"minecraft:jungle_wood":18,"minecraft:wheat":102,"minecraft:lilac":4,"minecraft:spruce_log":454,"minecraft:oak_log":3,"minecraft:coal_ore":55,"minecraft:cocoa":3,"minecraft:sand":31,"minecraft:sunflower":1,"minecraft:gravel":3,"minecraft:dirt":7,"minecraft:fern":8,"minecraft:oak_leaves":93,"minecraft:deepslate":2},"minecraft:custom":{"minecraft:mob_kills":19,"minecraft:animals_bred":3,"minecraft:interact_with_crafting_table":88,"minecraft:leave_game":2,"minecraft:time_since_death":170706,"minecraft:climb_one_cm":9646,"minecraft:sprint_one_cm":403379,"minecraft:walk_one_cm":696994,"minecraft:damage_blocked_by_shield":918,"minecraft:drop":45,"minecraft:play_time":204216,"minecraft:sneak_time":23134,"minecraft:deaths":1,"minecraft:walk_under_water_one_cm":8219,"minecraft:boat_one_cm":201437,"minecraft:jump":2864,"minecraft:walk_on_water_one_cm":14186,"minecraft:total_world_time":204216,"minecraft:interact_with_furnace":119,"minecraft:sleep_in_bed":2,"minecraft:time_since_rest":35100,"minecraft:damage_taken":3543,"minecraft:damage_dealt":2463,"minecraft:swim_one_cm":41384,"minecraft:fly_one_cm":372033,"minecraft:player_kills":1,"minecraft:open_chest":53,"minecraft:crouch_one_cm":67028,"minecraft:fall_one_cm":87688},"minecraft:crafted":{"minecraft:cobblestone_slab":18,"minecraft:stone_shovel":1,"minecraft:cooked_chicken":2,"minecraft:furnace":4,"minecraft:cobblestone_stairs":184,"minecraft:bone_meal":3,"minecraft:spruce_fence":30,"minecraft:cooked_mutton":2,"minecraft:scaffolding":12,"minecraft:glass":24,"minecraft:spruce_stairs":48,"minecraft:iron_boots":1,"minecraft:polished_diorite":44,"minecraft:iron_axe":2,"minecraft:spruce_slab":126,"minecraft:stone_pickaxe":6,"minecraft:cobblestone_wall":18,"minecraft:chest":2,"minecraft:cooked_beef":17,"minecraft:wooden_shovel":1,"minecraft:cooked_porkchop":2,"minecraft:crafting_table":5,"minecraft:spruce_planks":644,"minecraft:jungle_boat":2,"minecraft:wooden_pickaxe":2,"minecraft:iron_helmet":1,"minecraft:stone_axe":3,"minecraft:bread":29,"minecraft:air":0,"minecraft:jungle_planks":56,"minecraft:spruce_trapdoor":14,"minecraft:iron_chestplate":1,"minecraft:charcoal":4,"minecraft:shield":1,"minecraft:stick":88,"minecraft:iron_ingot":42,"minecraft:iron_pickaxe":1,"minecraft:wooden_axe":1,"minecraft:iron_leggings":1,"minecraft:torch":128,"minecraft:shears":1},"minecraft:broken":{"minecraft:wooden_shovel":1,"minecraft:stone_pickaxe":4,"minecraft:iron_axe":1,"minecraft:stone_axe":3,"minecraft:iron_pickaxe":1},"minecraft:used":{"minecraft:moss_block":1,"minecraft:white_tulip":1,"minecraft:tropical_fish":4,"minecraft:stone_shovel":24,"minecraft:spruce_slab":127,"minecraft:poppy":1,"minecraft:spruce_planks":421,"minecraft:chest":2,"minecraft:shield":42,"minecraft:wooden_shovel":58,"minecraft:cooked_chicken":3,"minecraft:iron_chestplate":1,"minecraft:torch":127,"minecraft:dirt":24,"minecraft:carrot":12,"minecraft:cobblestone_wall":18,"minecraft:spruce_stairs":56,"minecraft:allium":1,"minecraft:spruce_fence":22,"minecraft:polished_diorite":42,"minecraft:glass":24,"minecraft:wooden_axe":13,"minecraft:spruce_wood":2,"minecraft:blue_orchid":2,"minecraft:iron_axe":369,"minecraft:iron_helmet":1,"minecraft:mossy_cobblestone_slab":1,"minecraft:iron_boots":1,"minecraft:scaffolding":63,"minecraft:oak_sapling":2,"minecraft:furnace":9,"minecraft:cooked_beef":17,"minecraft:iron_leggings":1,"minecraft:wheat_seeds":102,"minecraft:cooked_mutton":2,"minecraft:pink_tulip":2,"minecraft:cobblestone_stairs":189,"minecraft:stone_pickaxe":626,"minecraft:oak_planks":2,"minecraft:andesite_slab":2,"minecraft:wooden_pickaxe":15,"minecraft:cobblestone_slab":22,"minecraft:jungle_boat":4,"minecraft:mossy_cobblestone":5,"minecraft:crafting_table":14,"minecraft:shears":19,"minecraft:spruce_log":238,"minecraft:oak_log":1,"minecraft:oxeye_daisy":1,"minecraft:sunflower":1,"minecraft:bread":29,"minecraft:iron_pickaxe":250,"minecraft:spruce_trapdoor":16,"minecraft:spruce_sapling":8,"minecraft:lilac":4,"minecraft:stone_axe":381,"minecraft:cobblestone":278,"minecraft:cooked_porkchop":2,"minecraft:andesite":24,"minecraft:bone_meal":2}},"DataVersion":3700}