{"stats":{"minecraft:dropped":{"minecraft:bamboo":4},"minecraft:picked_up":{"minecraft:cocoa_beans":9,"minecraft:wheat_seeds":6,"minecraft:jungle_wood":8,"minecraft:bamboo":68},"minecraft:mined":{"minecraft:large_fern":4,"minecraft:short_grass":11,"minecraft:cocoa":3,"minecraft:jungle_wood":10,"minecraft:tall_grass":17,"minecraft:bamboo":5,"minecraft:jungle_leaves":5,"minecraft:fern":6},"minecraft:crafted":{"minecraft:crafting_table":1,"minecraft:stick":4,"minecraft:jungle_planks":16,"minecraft:wooden_axe":1},"minecraft:custom":{"minecraft:time_since_rest":3130,"minecraft:crouch_one_cm":1373,"minecraft:play_time":3130,"minecraft:sprint_one_cm":270,"minecraft:damage_taken":150,"minecraft:walk_one_cm":14234,"minecraft:sneak_time":755,"minecraft:walk_under_water_one_cm":1005,"minecraft:drop":1,"minecraft:jump":51,"minecraft:leave_game":1,"minecraft:time_since_death":3130,"minecraft:walk_on_water_one_cm":38,"minecraft:total_world_time":3130,"minecraft:swim_one_cm":973,"minecraft:interact_with_crafting_table":1,"minecraft:fall_one_cm":1984,"minecraft:fly_one_cm":282},"minecraft:used":{"minecraft:wooden_axe":11,"minecraft:crafting_table":1}},"DataVersion":3700}