{"stats":{"minecraft:killed":{"minecraft:spider":3,"minecraft:skeleton":6,"minecraft:tropical_fish":4,"minecraft:pig":1,"minecraft:creeper":1,"minecraft:sheep":2,"minecraft:zombie":13,"minecraft:cow":11},"minecraft:dropped":{"minecraft:iron_sword":1,"minecraft:cooked_beef":1,"minecraft:oak_log":6,"minecraft:diamond":16,"minecraft:cooked_porkchop":3,"minecraft:dirt":8,"minecraft:wooden_sword":1,"minecraft:sunflower":1,"minecraft:gravel":2,"minecraft:iron_nugget":2,"minecraft:cobbled_deepslate":4,"minecraft:andesite_slab":3,"minecraft:rotten_flesh":18,"minecraft:oak_planks":2,"minecraft:cooked_mutton":1,"minecraft:carrot":1,"minecraft:poppy":1,"minecraft:arrow":4,"minecraft:beef":1,"minecraft:iron_ingot":7,"minecraft:wheat_seeds":1,"minecraft:lilac":1,"minecraft:mossy_cobblestone":1,"minecraft:iron_helmet":1,"minecraft:spruce_stairs":5,"minecraft:coal":58,"minecraft:mossy_cobblestone_slab":2,"minecraft:diorite":2,"minecraft:torch":6,"minecraft:wooden_axe":2,"minecraft:iron_leggings":1,"minecraft:jungle_boat":1,"minecraft:spruce_sapling":1,"minecraft:dandelion":1,"minecraft:raw_copper":2,"minecraft:raw_iron":90,"minecraft:iron_boots":1,"minecraft:stone_slab":6,"minecraft:lily_of_the_valley":1,"minecraft:cobblestone_slab":61,"minecraft:spruce_planks":5,"minecraft:andesite":2,"minecraft:iron_chestplate":1,"minecraft:oak_sapling":9,"minecraft:spider_eye":2,"minecraft:bamboo":133,"minecraft:stone_pickaxe":4,"minecraft:wooden_pickaxe":4,"minecraft:raw_gold":9,"minecraft:red_tulip":1},"minecraft:picked_up":{"minecraft:wooden_axe":2,"minecraft:iron_chestplate":2,"minecraft:wheat":154,"minecraft:stone_slab":21,"minecraft:string":3,"minecraft:raw_copper":22,"minecraft:cobbled_deepslate":22,"minecraft:spruce_planks":64,"minecraft:white_tulip":2,"minecraft:rose_bush":2,"minecraft:cobblestone_slab":145,"minecraft:iron_pickaxe":1,"minecraft:iron_boots":2,"minecraft:furnace":9,"minecraft:stick":22,"minecraft:oak_fence":1,"minecraft:torch":78,"minecraft:spruce_stairs":27,"minecraft:porkchop":3,"minecraft:diorite":50,"minecraft:rotten_flesh":23,"minecraft:tropical_fish":4,"minecraft:red_tulip":1,"minecraft:cobblestone":901,"minecraft:mossy_cobblestone_slab":7,"minecraft:lilac":5,"minecraft:cooked_beef":1,"minecraft:andesite":43,"minecraft:jungle_wood":18,"minecraft:flint":2,"minecraft:lapis_lazuli":96,"minecraft:dirt":132,"minecraft:bone":8,"minecraft:bow":2,"minecraft:orange_tulip":1,"minecraft:wheat_seeds":560,"minecraft:raw_gold":16,"minecraft:bamboo":363,"minecraft:moss_block":1,"minecraft:oak_planks":2,"minecraft:stone_hoe":1,"minecraft:cooked_porkchop":4,"minecraft:jungle_planks":21,"minecraft:sand":36,"minecraft:stripped_spruce_log":1,"minecraft:lily_of_the_valley":1,"minecraft:mossy_cobblestone":19,"minecraft:diamond":19,"minecraft:granite":1,"minecraft:oak_sapling":24,"minecraft:andesite_slab":10,"minecraft:oak_leaves":19,"minecraft:cocoa_beans":33,"minecraft:charcoal":2,"minecraft:crafting_table":17,"minecraft:allium":1,"minecraft:brown_mushroom":5,"minecraft:wooden_pickaxe":3,"minecraft:shield":1,"minecraft:cornflower":1,"minecraft:wooden_sword":1,"minecraft:white_carpet":1,"minecraft:blue_orchid":2,"minecraft:mossy_cobblestone_wall":1,"minecraft:beef":36,"minecraft:iron_nugget":2,"minecraft:poppy":2,"minecraft:spruce_slab":58,"minecraft:sugar_cane":11,"minecraft:spruce_trapdoor":8,"minecraft:raw_iron":160,"minecraft:spruce_fence":1,"minecraft:carrot":17,"minecraft:arrow":8,"minecraft:stone_shovel":1,"minecraft:hay_block":12,"minecraft:pink_tulip":3,"minecraft:gold_ingot":12,"minecraft:mutton":3,"minecraft:white_wool":4,"minecraft:oxeye_daisy":1,"minecraft:jungle_boat":4,"minecraft:leather":11,"minecraft:red_mushroom":6,"minecraft:oak_log":132,"minecraft:gunpowder":1,"minecraft:cobblestone_stairs":6,"minecraft:cooked_mutton":11,"minecraft:spruce_wood":37,"minecraft:iron_ingot":14,"minecraft:stone_pickaxe":4,"minecraft:cooked_chicken":1,"minecraft:iron_sword":1,"minecraft:scaffolding":192,"minecraft:sweet_berries":14,"minecraft:dandelion":1,"minecraft:gravel":7,"minecraft:amethyst_shard":60,"minecraft:spruce_sapling":19,"minecraft:white_bed":1,"minecraft:spruce_log":443,"minecraft:spider_eye":2,"minecraft:oak_wood":5,"minecraft:stone_axe":2,"minecraft:polished_diorite":2,"minecraft:iron_helmet":2,"minecraft:coal":230,"minecraft:sunflower":3},"minecraft:killed_by":{"minecraft:zombie":1,"minecraft:player":1},"minecraft:mined":{"minecraft:spruce_planks":56,"minecraft:white_bed":1,"minecraft:oak_sapling":11,"minecraft:cobblestone_stairs":6,"minecraft:jungle_leaves":5,"minecraft:spruce_trapdoor":8,"minecraft:granite":1,"minecraft:grass_block":85,"minecraft:polished_diorite":2,"minecraft:oxeye_daisy":1,"minecraft:mossy_cobblestone_slab":6,"minecraft:iron_ore":37,"minecraft:cobbled_deepslate":2,"minecraft:dirt_path":4,"minecraft:small_amethyst_bud":1,"minecraft:pink_tulip":2,"minecraft:spruce_wood":37,"minecraft:blue_orchid":1,"minecraft:spruce_slab":34,"minecraft:amethyst_cluster":2,"minecraft:powder_snow":1,"minecraft:torch":6,"minecraft:mossy_cobblestone_wall":1,"minecraft:poppy":1,"minecraft:cobblestone":47,"minecraft:sugar_cane":4,"minecraft:oak_planks":2,"minecraft:wall_torch":5,"minecraft:jungle_wood":18,"minecraft:wheat":158,"minecraft:lilac":5,"minecraft:orange_tulip":1,"minecraft:oak_log":80,"minecraft:sand":31,"minecraft:dirt":16,"minecraft:oak_leaves":115,"minecraft:deepslate":14,"minecraft:mossy_cobblestone":18,"minecraft:deepslate_diamond_ore":3,"minecraft:allium":1,"minecraft:spruce_fence":1,"minecraft:spruce_leaves":92,"minecraft:red_mushroom":2,"minecraft:moss_block":1,"minecraft:large_fern":15,"minecraft:hay_block":13,"minecraft:furnace":8,"minecraft:carrots":4,"minecraft:andesite":27,"minecraft:stripped_spruce_log":1,"minecraft:cobblestone_slab":19,"minecraft:deepslate_iron_ore":12,"minecraft:bamboo":6,"minecraft:white_tulip":1,"minecraft:stone":791,"minecraft:scaffolding":86,"minecraft:lily_of_the_valley":1,"minecraft:dandelion":1,"minecraft:oak_fence":1,"minecraft:crafting_table":12,"minecraft:cornflower":1,"minecraft:short_grass":32,"minecraft:oak_wood":5,"minecraft:rose_bush":1,"minecraft:andesite_slab":7,"minecraft:stone_slab":15,"minecraft:tall_grass":214,"minecraft:copper_ore":2,"minecraft:deepslate_gold_ore":7,"minecraft:lapis_ore":7,"minecraft:diorite":52,"minecraft:spruce_stairs":14,"minecraft:sweet_berry_bush":6,"minecraft:spruce_log":454,"minecraft:coal_ore":118,"minecraft:cocoa":3,"minecraft:sunflower":2,"minecraft:gravel":6,"minecraft:fern":8},"minecraft:custom":{"minecraft:animals_bred":3,"minecraft:interact_with_crafting_table":131,"minecraft:open_barrel":29,"minecraft:leave_game":6,"minecraft:time_since_death":25169,"minecraft:sprint_one_cm":745126,"minecraft:damage_blocked_by_shield":3606,"minecraft:drop":85,"minecraft:play_time":317566,"minecraft:deaths":2,"minecraft:jump":4592,"minecraft:walk_on_water_one_cm":21013,"minecraft:interact_with_furnace":141,"minecraft:sleep_in_bed":8,"minecraft:damage_dealt":6361,"minecraft:player_kills":1,"minecraft:crouch_one_cm":78518,"minecraft:interact_with_smoker":10,"minecraft:mob_kills":42,"minecraft:climb_one_cm":32631,"minecraft:walk_one_cm":1062232,"minecraft:sneak_time":27028,"minecraft:walk_under_water_one_cm":11147,"minecraft:boat_one_cm":201437,"minecraft:interact_with_blast_furnace":3,"minecraft:total_world_time":317566,"minecraft:time_since_rest":25209,"minecraft:damage_taken":5546,"minecraft:swim_one_cm":71564,"minecraft:fly_one_cm":669479,"minecraft:open_chest":78,"minecraft:fall_one_cm":141791},"minecraft:crafted":{"minecraft:smooth_stone":3,"minecraft:oak_planks":140,"minecraft:cobblestone_slab":144,"minecraft:barrel":9,"minecraft:cooked_chicken":2,"minecraft:stone":3,"minecraft:cobblestone_stairs":228,"minecraft:cooked_mutton":2,"minecraft:glass":24,"minecraft:iron_boots":1,"minecraft:chest":2,"minecraft:stone_hoe":1,"minecraft:smoker":1,"minecraft:oak_slab":18,"minecraft:wooden_shovel":1,"minecraft:cooked_porkchop":10,"minecraft:crafting_table":8,"minecraft:spruce_planks":920,"minecraft:jungle_boat":2,"minecraft:wooden_pickaxe":2,"minecraft:iron_helmet":1,"minecraft:spruce_trapdoor":38,"minecraft:iron_chestplate":1,"minecraft:charcoal":4,"minecraft:shield":2,"minecraft:stick":152,"minecraft:iron_ingot":54,"minecraft:iron_pickaxe":2,"minecraft:shears":1,"minecraft:stone_shovel":1,"minecraft:iron_nugget":9,"minecraft:furnace":4,"minecraft:blast_furnace":1,"minecraft:bone_meal":3,"minecraft:spruce_fence":48,"minecraft:scaffolding":12,"minecraft:lantern":1,"minecraft:spruce_stairs":92,"minecraft:polished_diorite":44,"minecraft:iron_axe":2,"minecraft:ladder":18,"minecraft:spruce_slab":210,"minecraft:stone_pickaxe":9,"minecraft:cobblestone_wall":18,"minecraft:wheat":108,"minecraft:cooked_beef":17,"minecraft:stone_axe":4,"minecraft:jungle_planks":56,"minecraft:bread":68,"minecraft:air":0,"minecraft:wooden_axe":1,"minecraft:iron_leggings":1,"minecraft:torch":176},"minecraft:broken":{"minecraft:wooden_shovel":1,"minecraft:stone_pickaxe":6,"minecraft:stone_axe":3,"minecraft:shield":1,"minecraft:iron_axe":2,"minecraft:iron_pickaxe":1},"minecraft:used":{"minecraft:moss_block":1,"minecraft:spruce_slab":203,"minecraft:poppy":1,"minecraft:ladder":15,"minecraft:chest":2,"minecraft:shield":87,"minecraft:iron_chestplate":1,"minecraft:mutton":1,"minecraft:carrot":12,"minecraft:allium":1,"minecraft:glass":24,"minecraft:spruce_wood":2,"minecraft:lantern":1,"minecraft:blue_orchid":2,"minecraft:iron_helmet":1,"minecraft:mossy_cobblestone_slab":1,"minecraft:scaffolding":180,"minecraft:oak_sapling":2,"minecraft:furnace":9,"minecraft:stone_pickaxe":944,"minecraft:oak_planks":2,"minecraft:orange_tulip":1,"minecraft:wooden_pickaxe":18,"minecraft:jungle_boat":4,"minecraft:blast_furnace":1,"minecraft:shears":19,"minecraft:bread":54,"minecraft:lilac":4,"minecraft:andesite":24,"minecraft:mossy_cobblestone_wall":1,"minecraft:bone_meal":2,"minecraft:white_tulip":1,"minecraft:tropical_fish":4,"minecraft:stone_shovel":66,"minecraft:spruce_planks":449,"minecraft:wooden_shovel":58,"minecraft:stone_hoe":1,"minecraft:cooked_chicken":3,"minecraft:torch":210,"minecraft:dirt":44,"minecraft:spruce_stairs":100,"minecraft:cobblestone_wall":18,"minecraft:spruce_fence":41,"minecraft:polished_diorite":42,"minecraft:wooden_axe":13,"minecraft:iron_axe":492,"minecraft:iron_boots":1,"minecraft:barrel":6,"minecraft:cooked_beef":17,"minecraft:iron_leggings":1,"minecraft:wheat_seeds":158,"minecraft:cooked_mutton":12,"minecraft:pink_tulip":2,"minecraft:cobblestone_stairs":207,"minecraft:andesite_slab":2,"minecraft:cobblestone_slab":142,"minecraft:mossy_cobblestone":5,"minecraft:crafting_table":22,"minecraft:white_bed":1,"minecraft:spruce_log":249,"minecraft:smoker":1,"minecraft:oak_log":3,"minecraft:oxeye_daisy":1,"minecraft:sunflower":1,"minecraft:iron_pickaxe":263,"minecraft:stone_slab":2,"minecraft:spruce_trapdoor":46,"minecraft:spruce_sapling":8,"minecraft:stone_axe":435,"minecraft:cobblestone":357,"minecraft:porkchop":1,"minecraft:cooked_porkchop":7}},"DataVersion":3700}