{"stats":{"minecraft:killed":{"minecraft:spider":1,"minecraft:skeleton":4,"minecraft:tropical_fish":4,"minecraft:creeper":1,"minecraft:sheep":1,"minecraft:zombie":4,"minecraft:cow":10},"minecraft:dropped":{"minecraft:iron_ingot":7,"minecraft:iron_sword":1,"minecraft:wheat_seeds":1,"minecraft:cooked_beef":1,"minecraft:oak_log":6,"minecraft:spruce_stairs":5,"minecraft:dirt":8,"minecraft:mossy_cobblestone_slab":1,"minecraft:torch":6,"minecraft:wooden_axe":2,"minecraft:wooden_sword":1,"minecraft:jungle_boat":1,"minecraft:spruce_sapling":1,"minecraft:dandelion":1,"minecraft:cobbled_deepslate":4,"minecraft:raw_iron":51,"minecraft:rotten_flesh":2,"minecraft:carrot":1,"minecraft:poppy":1,"minecraft:oak_sapling":8,"minecraft:bamboo":133,"minecraft:wooden_pickaxe":4,"minecraft:arrow":3,"minecraft:stone_pickaxe":4,"minecraft:red_tulip":1},"minecraft:picked_up":{"minecraft:wooden_axe":2,"minecraft:charcoal":2,"minecraft:cocoa_beans":33,"minecraft:crafting_table":12,"minecraft:allium":1,"minecraft:wheat":124,"minecraft:stone_slab":7,"minecraft:wooden_pickaxe":3,"minecraft:cornflower":1,"minecraft:string":2,"minecraft:raw_copper":20,"minecraft:wooden_sword":1,"minecraft:white_carpet":1,"minecraft:blue_orchid":2,"minecraft:mossy_cobblestone_wall":1,"minecraft:cobbled_deepslate":8,"minecraft:spruce_planks":55,"minecraft:beef":35,"minecraft:cobblestone_slab":11,"minecraft:white_tulip":2,"minecraft:rose_bush":2,"minecraft:iron_pickaxe":1,"minecraft:poppy":2,"minecraft:spruce_slab":41,"minecraft:sugar_cane":11,"minecraft:spruce_trapdoor":5,"minecraft:furnace":7,"minecraft:stick":19,"minecraft:raw_iron":120,"minecraft:spruce_fence":1,"minecraft:oak_fence":1,"minecraft:torch":25,"minecraft:spruce_stairs":22,"minecraft:porkchop":2,"minecraft:diorite":47,"minecraft:carrot":16,"minecraft:arrow":6,"minecraft:rotten_flesh":6,"minecraft:tropical_fish":4,"minecraft:red_tulip":1,"minecraft:gold_ingot":12,"minecraft:pink_tulip":3,"minecraft:mutton":2,"minecraft:white_wool":3,"minecraft:cobblestone":831,"minecraft:oxeye_daisy":1,"minecraft:mossy_cobblestone_slab":2,"minecraft:jungle_boat":4,"minecraft:cooked_beef":1,"minecraft:lilac":4,"minecraft:andesite":39,"minecraft:leather":8,"minecraft:jungle_wood":18,"minecraft:oak_log":77,"minecraft:gunpowder":1,"minecraft:cobblestone_stairs":6,"minecraft:dirt":81,"minecraft:lapis_lazuli":96,"minecraft:cooked_mutton":7,"minecraft:bone":7,"minecraft:orange_tulip":1,"minecraft:wheat_seeds":344,"minecraft:spruce_wood":37,"minecraft:iron_ingot":8,"minecraft:stone_pickaxe":3,"minecraft:cooked_chicken":1,"minecraft:bamboo":363,"minecraft:moss_block":1,"minecraft:iron_sword":1,"minecraft:oak_planks":2,"minecraft:scaffolding":110,"minecraft:dandelion":1,"minecraft:gravel":3,"minecraft:sand":36,"minecraft:jungle_planks":21,"minecraft:amethyst_shard":60,"minecraft:stripped_spruce_log":1,"minecraft:spruce_sapling":19,"minecraft:white_bed":1,"minecraft:spruce_log":443,"minecraft:mossy_cobblestone":17,"minecraft:oak_wood":5,"minecraft:polished_diorite":2,"minecraft:stone_axe":1,"minecraft:granite":1,"minecraft:oak_sapling":23,"minecraft:oak_leaves":19,"minecraft:coal":215,"minecraft:andesite_slab":4,"minecraft:sunflower":1},"minecraft:killed_by":{"minecraft:player":1},"minecraft:mined":{"minecraft:spruce_planks":56,"minecraft:white_bed":1,"minecraft:oak_sapling":11,"minecraft:mossy_cobblestone":17,"minecraft:cobblestone_stairs":6,"minecraft:jungle_leaves":5,"minecraft:spruce_trapdoor":5,"minecraft:granite":1,"minecraft:spruce_fence":1,"minecraft:allium":1,"minecraft:grass_block":64,"minecraft:spruce_leaves":92,"minecraft:polished_diorite":2,"minecraft:moss_block":1,"minecraft:oxeye_daisy":1,"minecraft:large_fern":11,"minecraft:mossy_cobblestone_slab":2,"minecraft:furnace":6,"minecraft:carrots":4,"minecraft:iron_ore":37,"minecraft:stripped_spruce_log":1,"minecraft:andesite":25,"minecraft:deepslate_iron_ore":11,"minecraft:cobblestone_slab":10,"minecraft:small_amethyst_bud":1,"minecraft:pink_tulip":2,"minecraft:spruce_wood":37,"minecraft:bamboo":6,"minecraft:stone":788,"minecraft:blue_orchid":1,"minecraft:white_tulip":1,"minecraft:spruce_slab":32,"minecraft:scaffolding":61,"minecraft:amethyst_cluster":2,"minecraft:dandelion":1,"minecraft:powder_snow":1,"minecraft:oak_fence":1,"minecraft:crafting_table":8,"minecraft:cornflower":1,"minecraft:torch":4,"minecraft:short_grass":20,"minecraft:oak_wood":5,"minecraft:mossy_cobblestone_wall":1,"minecraft:poppy":1,"minecraft:rose_bush":1,"minecraft:andesite_slab":4,"minecraft:stone_slab":7,"minecraft:cobblestone":41,"minecraft:tall_grass":47,"minecraft:copper_ore":2,"minecraft:lapis_ore":7,"minecraft:oak_planks":2,"minecraft:sugar_cane":4,"minecraft:diorite":50,"minecraft:wall_torch":4,"minecraft:spruce_stairs":13,"minecraft:jungle_wood":18,"minecraft:wheat":130,"minecraft:lilac":4,"minecraft:spruce_log":454,"minecraft:orange_tulip":1,"minecraft:oak_log":76,"minecraft:coal_ore":118,"minecraft:cocoa":3,"minecraft:sunflower":1,"minecraft:gravel":3,"minecraft:sand":31,"minecraft:dirt":12,"minecraft:oak_leaves":110,"minecraft:fern":8,"minecraft:deepslate":2},"minecraft:custom":{"minecraft:mob_kills":26,"minecraft:animals_bred":3,"minecraft:open_barrel":17,"minecraft:interact_with_crafting_table":111,"minecraft:leave_game":3,"minecraft:time_since_death":221384,"minecraft:climb_one_cm":15644,"minecraft:sprint_one_cm":538198,"minecraft:walk_one_cm":868408,"minecraft:damage_blocked_by_shield":1218,"minecraft:drop":51,"minecraft:play_time":254894,"minecraft:deaths":1,"minecraft:sneak_time":25441,"minecraft:walk_under_water_one_cm":8665,"minecraft:boat_one_cm":201437,"minecraft:jump":3509,"minecraft:walk_on_water_one_cm":14674,"minecraft:total_world_time":254894,"minecraft:interact_with_furnace":126,"minecraft:sleep_in_bed":4,"minecraft:time_since_rest":852,"minecraft:damage_taken":4321,"minecraft:damage_dealt":3685,"minecraft:swim_one_cm":44019,"minecraft:fly_one_cm":452716,"minecraft:player_kills":1,"minecraft:open_chest":69,"minecraft:crouch_one_cm":74684,"minecraft:fall_one_cm":108488},"minecraft:crafted":{"minecraft:barrel":9,"minecraft:oak_planks":128,"minecraft:stone_shovel":1,"minecraft:cobblestone_slab":18,"minecraft:iron_nugget":9,"minecraft:cooked_chicken":2,"minecraft:furnace":4,"minecraft:cobblestone_stairs":184,"minecraft:bone_meal":3,"minecraft:spruce_fence":48,"minecraft:cooked_mutton":2,"minecraft:scaffolding":12,"minecraft:glass":24,"minecraft:lantern":1,"minecraft:spruce_stairs":84,"minecraft:iron_boots":1,"minecraft:polished_diorite":44,"minecraft:iron_axe":2,"minecraft:ladder":9,"minecraft:spruce_slab":210,"minecraft:stone_pickaxe":8,"minecraft:cobblestone_wall":18,"minecraft:chest":2,"minecraft:stone_hoe":1,"minecraft:cooked_beef":17,"minecraft:oak_slab":18,"minecraft:wooden_shovel":1,"minecraft:cooked_porkchop":2,"minecraft:crafting_table":6,"minecraft:jungle_boat":2,"minecraft:spruce_planks":920,"minecraft:wooden_pickaxe":2,"minecraft:iron_helmet":1,"minecraft:stone_axe":3,"minecraft:bread":38,"minecraft:air":0,"minecraft:jungle_planks":56,"minecraft:spruce_trapdoor":38,"minecraft:iron_chestplate":1,"minecraft:charcoal":4,"minecraft:shield":1,"minecraft:stick":120,"minecraft:iron_ingot":45,"minecraft:iron_pickaxe":1,"minecraft:wooden_axe":1,"minecraft:iron_leggings":1,"minecraft:torch":168,"minecraft:shears":1},"minecraft:broken":{"minecraft:wooden_shovel":1,"minecraft:stone_pickaxe":6,"minecraft:iron_axe":2,"minecraft:stone_axe":3,"minecraft:iron_pickaxe":1},"minecraft:used":{"minecraft:moss_block":1,"minecraft:white_tulip":1,"minecraft:tropical_fish":4,"minecraft:spruce_slab":193,"minecraft:stone_shovel":24,"minecraft:ladder":6,"minecraft:poppy":1,"minecraft:chest":2,"minecraft:spruce_planks":432,"minecraft:shield":46,"minecraft:stone_hoe":1,"minecraft:wooden_shovel":58,"minecraft:cooked_chicken":3,"minecraft:iron_chestplate":1,"minecraft:torch":172,"minecraft:dirt":25,"minecraft:spruce_stairs":95,"minecraft:allium":1,"minecraft:carrot":12,"minecraft:cobblestone_wall":18,"minecraft:spruce_fence":41,"minecraft:polished_diorite":42,"minecraft:glass":24,"minecraft:wooden_axe":13,"minecraft:lantern":1,"minecraft:spruce_wood":2,"minecraft:blue_orchid":2,"minecraft:iron_axe":492,"minecraft:iron_helmet":1,"minecraft:mossy_cobblestone_slab":1,"minecraft:iron_boots":1,"minecraft:barrel":6,"minecraft:scaffolding":110,"minecraft:furnace":9,"minecraft:oak_sapling":2,"minecraft:cooked_beef":17,"minecraft:iron_leggings":1,"minecraft:wheat_seeds":130,"minecraft:cooked_mutton":9,"minecraft:pink_tulip":2,"minecraft:cobblestone_stairs":189,"minecraft:stone_pickaxe":890,"minecraft:oak_planks":2,"minecraft:orange_tulip":1,"minecraft:andesite_slab":2,"minecraft:wooden_pickaxe":18,"minecraft:cobblestone_slab":24,"minecraft:jungle_boat":4,"minecraft:mossy_cobblestone":5,"minecraft:crafting_table":15,"minecraft:white_bed":1,"minecraft:shears":19,"minecraft:spruce_log":249,"minecraft:oak_log":3,"minecraft:oxeye_daisy":1,"minecraft:sunflower":1,"minecraft:bread":40,"minecraft:iron_pickaxe":250,"minecraft:spruce_trapdoor":43,"minecraft:spruce_sapling":8,"minecraft:lilac":4,"minecraft:stone_axe":381,"minecraft:cobblestone":284,"minecraft:cooked_porkchop":2,"minecraft:andesite":24,"minecraft:mossy_cobblestone_wall":1,"minecraft:bone_meal":2}},"DataVersion":3700}