{"stats":{"minecraft:killed":{"minecraft:spider":1,"minecraft:skeleton":4,"minecraft:tropical_fish":4,"minecraft:creeper":1,"minecraft:sheep":1,"minecraft:zombie":5,"minecraft:cow":10},"minecraft:dropped":{"minecraft:iron_ingot":7,"minecraft:iron_sword":1,"minecraft:cooked_beef":1,"minecraft:wheat_seeds":1,"minecraft:lilac":1,"minecraft:oak_log":6,"minecraft:diamond":16,"minecraft:cooked_porkchop":3,"minecraft:iron_helmet":1,"minecraft:spruce_stairs":5,"minecraft:coal":58,"minecraft:dirt":8,"minecraft:mossy_cobblestone_slab":1,"minecraft:torch":6,"minecraft:wooden_axe":2,"minecraft:iron_leggings":1,"minecraft:wooden_sword":1,"minecraft:sunflower":1,"minecraft:jungle_boat":1,"minecraft:spruce_sapling":1,"minecraft:dandelion":1,"minecraft:iron_nugget":1,"minecraft:cobbled_deepslate":4,"minecraft:raw_copper":2,"minecraft:raw_iron":90,"minecraft:rotten_flesh":2,"minecraft:iron_boots":1,"minecraft:lily_of_the_valley":1,"minecraft:carrot":1,"minecraft:poppy":1,"minecraft:iron_chestplate":1,"minecraft:oak_sapling":9,"minecraft:bamboo":133,"minecraft:arrow":3,"minecraft:stone_pickaxe":4,"minecraft:wooden_pickaxe":4,"minecraft:raw_gold":9,"minecraft:red_tulip":1},"minecraft:picked_up":{"minecraft:wooden_axe":2,"minecraft:charcoal":2,"minecraft:cocoa_beans":33,"minecraft:iron_chestplate":2,"minecraft:crafting_table":17,"minecraft:allium":1,"minecraft:wheat":154,"minecraft:stone_slab":21,"minecraft:wooden_pickaxe":3,"minecraft:shield":1,"minecraft:cornflower":1,"minecraft:string":2,"minecraft:raw_copper":22,"minecraft:wooden_sword":1,"minecraft:white_carpet":1,"minecraft:blue_orchid":2,"minecraft:cobbled_deepslate":12,"minecraft:spruce_planks":64,"minecraft:mossy_cobblestone_wall":1,"minecraft:beef":35,"minecraft:white_tulip":2,"minecraft:cobblestone_slab":79,"minecraft:rose_bush":2,"minecraft:iron_nugget":2,"minecraft:iron_pickaxe":1,"minecraft:poppy":2,"minecraft:spruce_slab":58,"minecraft:sugar_cane":11,"minecraft:spruce_trapdoor":8,"minecraft:iron_boots":2,"minecraft:furnace":9,"minecraft:stick":22,"minecraft:raw_iron":159,"minecraft:oak_fence":1,"minecraft:torch":74,"minecraft:spruce_stairs":27,"minecraft:spruce_fence":1,"minecraft:porkchop":2,"minecraft:diorite":49,"minecraft:carrot":17,"minecraft:stone_shovel":1,"minecraft:arrow":6,"minecraft:rotten_flesh":9,"minecraft:tropical_fish":4,"minecraft:red_tulip":1,"minecraft:pink_tulip":3,"minecraft:gold_ingot":12,"minecraft:mutton":2,"minecraft:white_wool":3,"minecraft:cobblestone":900,"minecraft:oxeye_daisy":1,"minecraft:mossy_cobblestone_slab":7,"minecraft:jungle_boat":4,"minecraft:cooked_beef":1,"minecraft:lilac":5,"minecraft:andesite":43,"minecraft:leather":8,"minecraft:jungle_wood":18,"minecraft:red_mushroom":4,"minecraft:flint":2,"minecraft:oak_log":132,"minecraft:gunpowder":1,"minecraft:cobblestone_stairs":6,"minecraft:lapis_lazuli":96,"minecraft:dirt":130,"minecraft:cooked_mutton":7,"minecraft:bone":7,"minecraft:stone_hoe":1,"minecraft:wheat_seeds":542,"minecraft:orange_tulip":1,"minecraft:raw_gold":9,"minecraft:spruce_wood":37,"minecraft:iron_ingot":14,"minecraft:stone_pickaxe":4,"minecraft:cooked_chicken":1,"minecraft:bamboo":363,"minecraft:moss_block":1,"minecraft:iron_sword":1,"minecraft:oak_planks":2,"minecraft:scaffolding":192,"minecraft:cooked_porkchop":4,"minecraft:dandelion":1,"minecraft:gravel":7,"minecraft:sand":36,"minecraft:jungle_planks":21,"minecraft:amethyst_shard":60,"minecraft:stripped_spruce_log":1,"minecraft:spruce_sapling":19,"minecraft:white_bed":1,"minecraft:spruce_log":443,"minecraft:lily_of_the_valley":1,"minecraft:mossy_cobblestone":19,"minecraft:oak_wood":5,"minecraft:diamond":16,"minecraft:polished_diorite":2,"minecraft:stone_axe":2,"minecraft:iron_helmet":2,"minecraft:granite":1,"minecraft:oak_sapling":24,"minecraft:oak_leaves":19,"minecraft:coal":230,"minecraft:andesite_slab":10,"minecraft:sunflower":2},"minecraft:killed_by":{"minecraft:player":1,"minecraft:zombie":1},"minecraft:mined":{"minecraft:spruce_planks":56,"minecraft:white_bed":1,"minecraft:oak_sapling":11,"minecraft:mossy_cobblestone":18,"minecraft:cobblestone_stairs":6,"minecraft:jungle_leaves":5,"minecraft:spruce_trapdoor":8,"minecraft:granite":1,"minecraft:allium":1,"minecraft:grass_block":85,"minecraft:spruce_fence":1,"minecraft:polished_diorite":2,"minecraft:spruce_leaves":92,"minecraft:red_mushroom":2,"minecraft:moss_block":1,"minecraft:oxeye_daisy":1,"minecraft:large_fern":12,"minecraft:mossy_cobblestone_slab":6,"minecraft:carrots":4,"minecraft:furnace":8,"minecraft:cobbled_deepslate":2,"minecraft:iron_ore":37,"minecraft:andesite":27,"minecraft:stripped_spruce_log":1,"minecraft:dirt_path":4,"minecraft:deepslate_iron_ore":11,"minecraft:cobblestone_slab":16,"minecraft:small_amethyst_bud":1,"minecraft:pink_tulip":2,"minecraft:spruce_wood":37,"minecraft:bamboo":6,"minecraft:stone":791,"minecraft:blue_orchid":1,"minecraft:white_tulip":1,"minecraft:spruce_slab":34,"minecraft:scaffolding":86,"minecraft:lily_of_the_valley":1,"minecraft:amethyst_cluster":2,"minecraft:powder_snow":1,"minecraft:dandelion":1,"minecraft:oak_fence":1,"minecraft:crafting_table":12,"minecraft:cornflower":1,"minecraft:torch":4,"minecraft:short_grass":29,"minecraft:oak_wood":5,"minecraft:mossy_cobblestone_wall":1,"minecraft:poppy":1,"minecraft:rose_bush":1,"minecraft:andesite_slab":7,"minecraft:stone_slab":15,"minecraft:cobblestone":46,"minecraft:copper_ore":2,"minecraft:tall_grass":76,"minecraft:lapis_ore":7,"minecraft:oak_planks":2,"minecraft:sugar_cane":4,"minecraft:diorite":51,"minecraft:wall_torch":4,"minecraft:spruce_stairs":14,"minecraft:jungle_wood":18,"minecraft:wheat":158,"minecraft:lilac":5,"minecraft:spruce_log":454,"minecraft:orange_tulip":1,"minecraft:coal_ore":118,"minecraft:oak_log":80,"minecraft:cocoa":3,"minecraft:sunflower":2,"minecraft:gravel":6,"minecraft:sand":31,"minecraft:dirt":14,"minecraft:oak_leaves":114,"minecraft:fern":8,"minecraft:deepslate":2},"minecraft:custom":{"minecraft:mob_kills":27,"minecraft:animals_bred":3,"minecraft:interact_with_crafting_table":127,"minecraft:open_barrel":29,"minecraft:leave_game":5,"minecraft:time_since_death":1110,"minecraft:climb_one_cm":32631,"minecraft:sprint_one_cm":668312,"minecraft:walk_one_cm":1006598,"minecraft:damage_blocked_by_shield":2738,"minecraft:drop":68,"minecraft:play_time":293507,"minecraft:deaths":2,"minecraft:sneak_time":26176,"minecraft:walk_under_water_one_cm":8983,"minecraft:boat_one_cm":201437,"minecraft:jump":3940,"minecraft:interact_with_blast_furnace":3,"minecraft:walk_on_water_one_cm":15157,"minecraft:total_world_time":293507,"minecraft:interact_with_furnace":141,"minecraft:sleep_in_bed":8,"minecraft:time_since_rest":1150,"minecraft:damage_taken":4845,"minecraft:damage_dealt":4117,"minecraft:swim_one_cm":45299,"minecraft:fly_one_cm":517582,"minecraft:player_kills":1,"minecraft:open_chest":78,"minecraft:crouch_one_cm":76443,"minecraft:interact_with_smoker":10,"minecraft:fall_one_cm":121787},"minecraft:crafted":{"minecraft:smooth_stone":3,"minecraft:oak_planks":128,"minecraft:stone_shovel":1,"minecraft:cobblestone_slab":144,"minecraft:barrel":9,"minecraft:iron_nugget":9,"minecraft:cooked_chicken":2,"minecraft:furnace":4,"minecraft:blast_furnace":1,"minecraft:stone":3,"minecraft:cobblestone_stairs":228,"minecraft:bone_meal":3,"minecraft:spruce_fence":48,"minecraft:cooked_mutton":2,"minecraft:scaffolding":12,"minecraft:glass":24,"minecraft:lantern":1,"minecraft:spruce_stairs":92,"minecraft:polished_diorite":44,"minecraft:iron_boots":1,"minecraft:iron_axe":2,"minecraft:ladder":18,"minecraft:spruce_slab":210,"minecraft:stone_pickaxe":9,"minecraft:cobblestone_wall":18,"minecraft:chest":2,"minecraft:stone_hoe":1,"minecraft:smoker":1,"minecraft:cooked_beef":17,"minecraft:oak_slab":18,"minecraft:wooden_shovel":1,"minecraft:cooked_porkchop":10,"minecraft:crafting_table":6,"minecraft:jungle_boat":2,"minecraft:spruce_planks":920,"minecraft:wooden_pickaxe":2,"minecraft:iron_helmet":1,"minecraft:stone_axe":4,"minecraft:bread":47,"minecraft:air":0,"minecraft:jungle_planks":56,"minecraft:spruce_trapdoor":38,"minecraft:iron_chestplate":1,"minecraft:charcoal":4,"minecraft:shield":1,"minecraft:stick":152,"minecraft:iron_ingot":54,"minecraft:iron_pickaxe":1,"minecraft:wooden_axe":1,"minecraft:iron_leggings":1,"minecraft:torch":176,"minecraft:shears":1},"minecraft:broken":{"minecraft:wooden_shovel":1,"minecraft:stone_pickaxe":6,"minecraft:iron_axe":2,"minecraft:stone_axe":3,"minecraft:iron_pickaxe":1},"minecraft:used":{"minecraft:moss_block":1,"minecraft:white_tulip":1,"minecraft:tropical_fish":4,"minecraft:spruce_slab":203,"minecraft:stone_shovel":64,"minecraft:ladder":15,"minecraft:poppy":1,"minecraft:chest":2,"minecraft:spruce_planks":449,"minecraft:shield":68,"minecraft:cooked_chicken":3,"minecraft:wooden_shovel":58,"minecraft:stone_hoe":1,"minecraft:iron_chestplate":1,"minecraft:torch":183,"minecraft:dirt":27,"minecraft:spruce_stairs":100,"minecraft:allium":1,"minecraft:carrot":12,"minecraft:cobblestone_wall":18,"minecraft:spruce_fence":41,"minecraft:polished_diorite":42,"minecraft:glass":24,"minecraft:wooden_axe":13,"minecraft:lantern":1,"minecraft:spruce_wood":2,"minecraft:blue_orchid":2,"minecraft:iron_axe":492,"minecraft:mossy_cobblestone_slab":1,"minecraft:iron_helmet":1,"minecraft:iron_boots":1,"minecraft:barrel":6,"minecraft:scaffolding":180,"minecraft:furnace":9,"minecraft:oak_sapling":2,"minecraft:cooked_beef":17,"minecraft:iron_leggings":1,"minecraft:wheat_seeds":158,"minecraft:cooked_mutton":9,"minecraft:pink_tulip":2,"minecraft:cobblestone_stairs":207,"minecraft:stone_pickaxe":929,"minecraft:oak_planks":2,"minecraft:orange_tulip":1,"minecraft:andesite_slab":2,"minecraft:wooden_pickaxe":18,"minecraft:cobblestone_slab":94,"minecraft:jungle_boat":4,"minecraft:mossy_cobblestone":5,"minecraft:crafting_table":19,"minecraft:blast_furnace":1,"minecraft:smoker":1,"minecraft:white_bed":1,"minecraft:shears":19,"minecraft:spruce_log":249,"minecraft:oak_log":3,"minecraft:oxeye_daisy":1,"minecraft:sunflower":1,"minecraft:bread":49,"minecraft:iron_pickaxe":250,"minecraft:stone_slab":2,"minecraft:spruce_trapdoor":46,"minecraft:spruce_sapling":8,"minecraft:lilac":4,"minecraft:stone_axe":402,"minecraft:cobblestone":357,"minecraft:cooked_porkchop":3,"minecraft:andesite":24,"minecraft:mossy_cobblestone_wall":1,"minecraft:bone_meal":2}},"DataVersion":3700}