{"stats":{"minecraft:killed":{"minecraft:cow":4},"minecraft:picked_up":{"minecraft:charcoal":1,"minecraft:raw_iron":13,"minecraft:crafting_table":3,"minecraft:leather":5,"minecraft:torch":1,"minecraft:jungle_wood":2,"minecraft:oak_log":5,"minecraft:dirt":10,"minecraft:peony":1,"minecraft:wheat_seeds":4,"minecraft:beef":10,"minecraft:bamboo":89,"minecraft:furnace":1,"minecraft:oak_planks":2,"minecraft:sugar_cane":7,"minecraft:coal":69,"minecraft:cobblestone":24},"minecraft:killed_by":{"minecraft:player":1},"minecraft:mined":{"minecraft:large_fern":5,"minecraft:pink_petals":1,"minecraft:jungle_wood":2,"minecraft:furnace":1,"minecraft:iron_ore":13,"minecraft:jungle_leaves":1,"minecraft:torch":1,"minecraft:peony":1,"minecraft:crafting_table":3,"minecraft:short_grass":14,"minecraft:coal_ore":57,"minecraft:grass_block":4,"minecraft:oak_log":5,"minecraft:dirt":9,"minecraft:tall_grass":11,"minecraft:cobblestone":2,"minecraft:bamboo":4,"minecraft:stone":22,"minecraft:oak_planks":2,"minecraft:sugar_cane":3,"minecraft:oak_leaves":2,"minecraft:fern":2},"minecraft:crafted":{"minecraft:oak_planks":8,"minecraft:charcoal":2,"minecraft:crafting_table":1,"minecraft:stick":12,"minecraft:iron_ingot":2,"minecraft:stone_pickaxe":1,"minecraft:furnace":1,"minecraft:torch":12,"minecraft:stone_axe":1,"minecraft:air":0,"minecraft:jungle_planks":8,"minecraft:cooked_beef":3},"minecraft:custom":{"minecraft:time_since_rest":20860,"minecraft:interact_with_furnace":20,"minecraft:sprint_one_cm":15489,"minecraft:damage_taken":484,"minecraft:walk_one_cm":52432,"minecraft:mob_kills":4,"minecraft:damage_dealt":764,"minecraft:swim_one_cm":4414,"minecraft:interact_with_crafting_table":6,"minecraft:fly_one_cm":21533,"minecraft:player_kills":1,"minecraft:crouch_one_cm":5163,"minecraft:play_time":22727,"minecraft:deaths":1,"minecraft:sneak_time":2016,"minecraft:walk_under_water_one_cm":1356,"minecraft:jump":289,"minecraft:leave_game":2,"minecraft:time_since_death":20832,"minecraft:walk_on_water_one_cm":1330,"minecraft:total_world_time":22727,"minecraft:fall_one_cm":5468},"minecraft:used":{"minecraft:stone_pickaxe":98,"minecraft:oak_planks":2,"minecraft:stone_axe":20,"minecraft:torch":12,"minecraft:cobblestone":7,"minecraft:crafting_table":3,"minecraft:furnace":1,"minecraft:cooked_beef":3}},"DataVersion":3700}